-- phpMyAdmin SQL Dump
-- version 4.4.15.9
-- https://www.phpmyadmin.net
--
-- Host: localhost
-- Generation Time: 2020 m. Vas 07 d. 23:23
-- Server version: 5.6.37
-- PHP Version: 7.1.8

SET SQL_MODE = "NO_AUTO_VALUE_ON_ZERO";
SET time_zone = "+00:00";


/*!40101 SET @OLD_CHARACTER_SET_CLIENT=@@CHARACTER_SET_CLIENT */;
/*!40101 SET @OLD_CHARACTER_SET_RESULTS=@@CHARACTER_SET_RESULTS */;
/*!40101 SET @OLD_COLLATION_CONNECTION=@@COLLATION_CONNECTION */;
/*!40101 SET NAMES utf8mb4 */;

--
-- Database: `mini_cars_mang_sys`
--

-- --------------------------------------------------------

--
-- Sukurta duomenų struktūra lentelei `cars`
--

CREATE TABLE IF NOT EXISTS `cars` (
  `id` int(11) NOT NULL DEFAULT '0',
  `number` varchar(20) DEFAULT NULL,
  `year_made` year(4) DEFAULT NULL,
  `model` varchar(50) DEFAULT NULL
) ENGINE=InnoDB DEFAULT CHARSET=latin1;

--
-- Sukurta duomenų kopija lentelei `cars`
--

INSERT INTO `cars` (`id`, `number`, `year_made`, `model`) VALUES
(1, '1GYUCKEF0AR988230', 2009, 'GX'),
(2, '3D7TT2CT6BG875139', 1990, 'Mustang'),
(3, '1G4PP5SK4E4792848', 2001, 'Montero'),
(4, '1FTWX3A55AE610270', 2002, 'Crown Victoria'),
(5, 'WAUVT58E42A661390', 1998, 'G-Series 3500'),
(6, 'WAUMFAFL1BN605171', 2011, 'Elise'),
(7, 'SCFEBBAC9AG928730', 2013, 'Cruze'),
(8, 'KNDKG3A2XA7869123', 1994, 'Suburban 2500'),
(9, 'WBAHN83528D481462', 1986, 'LTD'),
(10, 'JM3TB2BV4E0025297', 2002, 'S80'),
(11, 'JN8AS5MT3BW897612', 1987, 'Tredia'),
(12, 'JH4DC43611S029138', 2012, 'Sprinter 2500'),
(13, '2C3CCAEG3EH287633', 2009, 'G6'),
(14, '1B3CC1FB9AN580146', 1996, 'Tacoma Xtra'),
(15, 'YV4902BZ5E1652173', 1988, 'Bronco II'),
(16, '19VDE1F52FE045204', 2002, 'Explorer'),
(17, 'JH4KA96581C982629', 1993, 'Corolla'),
(18, '1G6DM8E37D0291922', 2010, 'Landaulet'),
(19, '1FA6P0G72E5882846', 2007, 'A4'),
(20, 'WAUDF98E58A305999', 2012, 'Tacoma'),
(21, '1FTEW1E89AF871273', 2003, 'IS'),
(22, '1GYUCJEF1AR556028', 1974, 'Camaro'),
(23, '3D73M4CL3BG063662', 2001, 'Esteem'),
(24, '1G6DB1EDXB0967363', 1993, 'Roadmaster'),
(25, '1FTEX1E84AF398945', 2012, 'FF'),
(26, 'JTDKN3DU9B0416074', 1994, 'Integra'),
(27, '1G6DP577660898421', 1993, '929'),
(28, '1G6DJ5E30D0466986', 2010, 'S5'),
(29, 'JTDKTUD35DD514324', 1995, '1500 Club Coupe'),
(30, 'JTHBL5EF3F1294778', 2009, 'STS'),
(31, 'WA1CMAFE2ED682836', 1994, 'Camaro'),
(32, 'WAUAFAFL9EA490057', 2005, 'QX'),
(33, '5UXFB53595L674631', 1971, 'GTO'),
(34, '1FTEW1CW6AK931177', 1992, 'Cavalier'),
(35, 'SALAB2D48AA238755', 1996, 'Probe'),
(36, '1G6DJ5EY8B0901746', 2005, 'Venture'),
(37, '1GYS4DEF2CR755923', 2000, 'Ranger'),
(38, 'JA4AP3AU9BZ916364', 1994, 'Town & Country'),
(39, 'KMHCM3ACXBU734793', 1999, 'Rodeo'),
(40, '1G6AB5R35F0715991', 1986, 'Starion'),
(41, 'WBANA73555C828339', 2005, 'Civic'),
(42, '1C3CDFEB9FD408890', 2005, 'H2'),
(43, 'WBADW7C59BE978600', 2009, 'Impreza'),
(44, 'JTDBT4K31B1195019', 1987, 'Grand Prix'),
(45, 'TRUTC28N661862650', 1992, 'Firebird Formula'),
(46, '3LN6L2LU4FR841738', 2003, 'Legacy'),
(47, '1N4AB7AP1DN147932', 1976, 'Camaro'),
(48, 'WBAYF4C53ED114166', 2000, 'Metro'),
(49, '2C3CDYAG3CH409867', 2005, 'Mountaineer'),
(50, 'WAUJGAFC3DN436676', 2006, 'Express'),
(51, 'WDDHF0EB6EA580874', 2011, '300'),
(52, '2G61U5S31D9833379', 1987, 'Sunbird'),
(53, '1G6DH5EY3B0612110', 1989, 'Continental Mark VII'),
(54, '1D7RB1CT6BS419433', 2012, 'GL-Class'),
(55, 'SCFEBBEL6DG015888', 2002, '300M'),
(56, '1N6AF0KY4FN115893', 1989, 'Gemini'),
(57, 'JTDZN3EU4FJ375155', 2009, 'Sierra 3500'),
(58, '1D7RV1CT9BS478225', 2012, 'Mazda6'),
(59, 'WBA3B3C59EJ906209', 2003, '5 Series'),
(60, 'KL4CJCSB2FB769231', 2011, 'Savana 3500'),
(61, 'WAUVVAFR2AA370605', 2011, 'Savana 3500'),
(62, '1B3CB9HA3AD344331', 2008, 'Tahoe'),
(63, 'JH4KA96644C399536', 1985, 'Voyager'),
(64, '1D7RV1CT1BS308442', 2012, 'GLK-Class'),
(65, '1D4PU4GK0BW263156', 1992, 'B-Series Plus'),
(66, '5J8TB4H33EL748231', 1992, 'MPV'),
(67, '2B3CJ5DT4BH875464', 1994, 'Elan'),
(68, 'JN1CV6AP8BM979620', 2009, 'S-Class'),
(69, 'JN1CV6EK6DM160736', 1994, 'Firebird'),
(70, 'YV1672MW2B2000339', 2000, 'Corvette'),
(71, 'JN8CS1MU7DM427513', 2012, 'ZDX'),
(72, 'WVGAV7AX1FW508683', 1999, 'Savana 1500'),
(73, '1G4HR54K344843623', 2010, 'V50'),
(74, '3CZRE3H59BG226623', 1966, 'GTO'),
(75, '1VWAP7A37EC324566', 2012, 'E250'),
(76, 'WBADW3C55DE258240', 2011, 'Navigator'),
(77, 'WVWAB7AJ0DW448787', 1994, 'V8'),
(78, 'JN1CV6FE0CM311819', 2000, 'Sportage'),
(79, '5GAKRDED7CJ623570', 1970, 'Cougar'),
(80, 'KNDJT2A50C7711369', 1995, 'Miata MX-5'),
(81, 'WBAUU3C59CA336241', 2003, 'SL-Class'),
(82, 'JN8AE2KP5E9094220', 2006, 'H1'),
(83, '4A4AP3AUXDE654587', 2007, 'Commander'),
(84, 'WAURVAFD2CN386465', 2000, 'S-Class'),
(85, 'KL4CJDSB5FB929348', 2002, 'Avalanche 1500'),
(86, 'WAUKG68E75A704282', 1991, 'Corrado'),
(87, '1G6AB5RA1D0194215', 2008, 'Town & Country'),
(88, 'WBANA73574B054518', 2000, 'NSX'),
(89, '3VWML7AJ1CM983875', 1992, 'Century'),
(90, 'JHMGE8G32CS974259', 2008, 'Altima'),
(91, 'WAUKFBFL6BN359859', 2004, 'Ion'),
(92, '2T3BF4DV0AW872034', 2009, 'Ascender'),
(93, 'WAUKF98E16A678767', 1988, 'Cabriolet'),
(94, 'WBANF735X6C465751', 1989, 'Safari'),
(95, '5LMJJ2H5XBE568493', 2013, 'Sorento'),
(96, '1FTEW1C89AF228991', 2009, 'Silverado 2500'),
(97, 'KNADH5A37A6550159', 1998, 'RL'),
(98, '1G6DV1EP0F0220393', 1993, '600SEC'),
(99, 'WAU3GBFCXDN255220', 2007, 'V70'),
(100, 'WDDEJ7EB3EA676049', 2010, '1 Series'),
(101, '1G6DG577790400621', 1990, 'Grand Prix'),
(102, 'WA1LFAFP1CA770867', 1963, 'Corvair 500'),
(103, 'JH4NA126X5S338204', 2012, 'FF'),
(104, 'JN1AJ0HPXCM887268', 2005, 'Dakota'),
(105, 'WAUBH78E47A009764', 2010, 'Sportage'),
(106, '5N1AA0NE8FN914090', 1999, 'Montero Sport'),
(107, '1GKS1HE08CR488079', 2013, 'S4'),
(108, 'WAUVT68E12A889207', 2007, 'Avalanche'),
(109, 'JTHKD5BH4D2966602', 2009, 'CL-Class'),
(110, 'JTDKDTB37F1486413', 2003, 'Alero'),
(111, '2G4GU5GC8B9911200', 2005, 'Gallardo'),
(112, '1G6DC1E31C0634166', 1996, 'Tracer'),
(113, '4T1BD1EBXEU981947', 1996, 'H1'),
(114, 'SALWR2TF9FA101237', 2000, 'Intrepid'),
(115, '4A31K5DF3CE773219', 2007, 'XLR'),
(116, 'WBSDE93403C707679', 1988, 'Grand Am'),
(117, '2G4WB52K821942929', 1998, 'Grand Caravan'),
(118, 'WAUBFAFL2CN897731', 1995, 'Diamante'),
(119, '3D73M4EL0AG365812', 1994, 'Vandura 1500'),
(120, 'WBASP2C59BC792509', 1984, 'Grand Prix'),
(121, '1G6KE54Y93U360276', 1994, 'Grand Cherokee'),
(122, '1G6YV34A255587730', 1997, 'VS Commodore'),
(123, 'JTHBL5EF0A5006071', 2009, 'FX'),
(124, '1LNHL9DK0FG145724', 2001, 'New Beetle'),
(125, '4T3BA3BB6BU352326', 1997, 'Caravan'),
(126, 'WAUZL54B71N987740', 1993, '929'),
(127, 'WAUCFAFC4DN060050', 2008, 'Grand Cherokee'),
(128, 'WBALM7C51EJ554857', 1996, 'S-Class'),
(129, '2G61V5S32D9870390', 1994, 'Discovery'),
(130, '1GYFK435X9R214869', 1988, 'Topaz'),
(131, '1FMJK1H57BE892007', 2007, '7 Series'),
(132, '1FMJU1F55AE702023', 2008, 'Elise'),
(133, 'SCBLC47J29C564984', 2012, 'xB'),
(134, 'WVWDB7AJ2EW505019', 2004, 'Land Cruiser'),
(135, '1C4RDHAG7DC496988', 2005, 'Spectra'),
(136, 'SALSF2D48CA020519', 2003, 'E-Class'),
(137, '3TMJU4GN3CM951649', 2011, '911'),
(138, '1FTEX1CM0BF077096', 2002, 'Tahoe'),
(139, 'JN1AZ4EHXAM958222', 2006, '760'),
(140, '1GD311CG3FZ596584', 2005, 'Sienna'),
(141, 'JTEBU5JR4C5757946', 2004, 'Swift'),
(142, '2FMGK5CC8AB912041', 1993, 'Allante'),
(143, '3N1AB6AP4CL139233', 1996, '2500 Club Coupe'),
(144, '3D7TT2HTXAG748868', 2007, 'Titan'),
(145, '1G6YX36D485039881', 2007, 'XL-7'),
(146, 'JM3TB2BA3B0503038', 2003, '3 Series'),
(147, 'WBASP0C5XDC751927', 2000, '3 Series'),
(148, '2G4WF521831911838', 1998, '626'),
(149, '3C4PDDAG7FT303617', 2010, 'F450'),
(150, 'WAUCFAFR1BA509760', 1996, 'Fleetwood'),
(151, 'YV1902AH3C1232690', 2004, 'Sparrow'),
(152, 'KNAFK4A65F5629034', 2011, 'Golf'),
(153, 'JH4KB16628C757432', 2010, '9-3'),
(154, 'WAUDG98E26A477367', 1985, 'Cabriolet'),
(155, 'WA1YL54B45N344759', 2001, 'XL-7'),
(156, 'WAUBFAFL5CN188954', 2009, 'Veyron'),
(157, '2C3CCACG0CH734161', 1992, 'Seville'),
(158, '3D4PG9FG3BT624645', 1989, 'Continental'),
(159, 'WDDNG7DB8DA428782', 2006, 'Tiburon'),
(160, '19UUA9F20DA761558', 2011, 'V12 Vantage'),
(161, '5N1AN0NW7DN337515', 2007, 'FX'),
(162, '3D7TP2CT8BG164952', 2003, 'Civic'),
(163, 'KNADH4A3XB6810081', 1991, 'Capri'),
(164, '5N1AL0MM3FC152690', 2001, 'Tribute'),
(165, 'YV4902NC6F1186410', 1996, 'Thunderbird'),
(166, '2FMDK3JC6AB379925', 1995, 'Metro'),
(167, 'JHMZF1C48DS640623', 2007, 'X5'),
(168, 'JM1NC2JFXE0236450', 1982, 'Grand Prix'),
(169, '1C3CDFAA3FD855101', 1994, '323'),
(170, 'WAUDG78EX6A118465', 2012, '1500'),
(171, 'WBAAZ33463K445858', 1983, 'Golf'),
(172, 'JM1NC2PF3E0526925', 2005, 'Vibe'),
(173, '1GKS1HE00BR500627', 2003, 'A8'),
(174, '2T1BU4EE9CC040399', 2009, 'Venza'),
(175, '4T3BK3BB0FU311614', 1995, 'Ram 1500'),
(176, 'WVGAV3AX5EW130116', 1990, 'Loyale'),
(177, 'ZHWGU5BZ8DL017698', 2003, 'Mountaineer'),
(178, 'JTDKN3DU9F0011628', 1985, 'Camaro'),
(179, '5FRYD4H23FB553464', 2000, 'Hombre Space'),
(180, '5J6TF2H55FL422192', 2000, 'Intrepid'),
(181, 'WBAAV33471F333152', 2006, 'Avalon'),
(182, 'JTJHY7AX6E4550669', 2011, 'GX'),
(183, 'NM0KS9BN0DT952272', 2008, 'FX'),
(184, 'JTMHY7AJ8A4173593', 1983, 'Alliance'),
(185, '1N6AF0LX8FN293425', 1996, '1500'),
(186, 'JM1GJ1U57F1420414', 2006, 'Escape'),
(187, '3D73Y3HL7AG628923', 2012, 'Tundra'),
(188, 'KM8NU4CC2CU525464', 1994, 'Impreza'),
(189, '3D7JB1EK1AG775683', 1994, 'Jetta'),
(190, 'JHMFB4F20CS207175', 1999, 'A4'),
(191, 'WA1CM94L69D678293', 1997, 'Bravada'),
(192, 'WA1LMBFE7BD416942', 2012, 'TSX'),
(193, 'JTDKN3DU1A0978923', 1997, 'Grand Cherokee'),
(194, '1G6DN56S750845303', 1994, 'F-Series'),
(195, 'WVWED7AJ0BW302348', 2004, 'Diamante'),
(196, '1GYS3CEF2CR691816', 2004, 'RSX'),
(197, '4T1BF3EK3AU980347', 2002, 'IS'),
(198, 'WA1CGBFE0ED002865', 2000, 'Impreza'),
(199, 'WAUXU54B62N861603', 1992, 'Familia'),
(200, 'WAULT64B03N116063', 2012, 'Frontier'),
(201, 'WBXPC93517W752172', 1993, 'Caravan'),
(202, 'JH4CU2E61BC410039', 2012, '57'),
(203, 'WA1BV74LX8D970668', 2006, 'Crossfire Roadster'),
(204, '2G61P5S36F9859132', 2004, 'Odyssey'),
(205, 'WBALM5C5XAE243001', 1996, 'Hearse'),
(206, '1G6DA5EY6B0176793', 2010, 'MKT'),
(207, '1GYS4DEF1ER747508', 2001, 'Catera'),
(208, '1G6DJ5ED5B0745128', 2006, 'Yukon'),
(209, '1C4RDHEG9EC111023', 2011, 'Express 2500'),
(210, '1G6DG5E53D0831421', 1994, 'Sunbird'),
(211, 'WBAGL83584D332713', 2009, 'E350'),
(212, '4A31K3DT5BE219365', 1987, 'S-Class'),
(213, 'WAUEG78E26A074773', 1996, 'F250'),
(214, 'WAUXD68D92A214914', 1994, 'Golf III'),
(215, '1C4SDJCTXFC053921', 2002, 'TL'),
(216, '1FTEW1CF1FK437297', 1995, 'G-Series G30'),
(217, 'TRUUT28N321989841', 2012, 'CX-7'),
(218, '5UXFB53564L787564', 2003, 'Sedona'),
(219, '1N4AB7APXDN501544', 1997, 'Dakota Club'),
(220, '4T3BK3BB9FU167156', 2002, 'Maxima'),
(221, 'WVWAB7AJ9DW715599', 2001, 'Forester'),
(222, 'KMHTC6AD0DU876425', 2012, 'GLK-Class'),
(223, '1G6DL67A280777160', 1993, '940'),
(224, 'WAUVT68E02A969551', 1997, 'C-Class'),
(225, '5GAKVCKD5FJ174940', 2010, 'Sedona'),
(226, 'WBAAZ33483K425580', 2006, 'C8'),
(227, 'WBA3G7C57EF768827', 2003, 'Santa Fe'),
(228, 'JN8AZ1MU0AW892010', 1988, '626'),
(229, '2FMDK4JC7AB740939', 2007, 'Ram'),
(230, 'WAUGVAFR7AA478050', 1986, 'LTD Crown Victoria'),
(231, '3VWC17AU9FM920734', 1998, 'Tracker'),
(232, 'JTEBC3EH7D2062243', 1988, 'XT'),
(233, 'WAUAH74F48N822932', 2008, 'Fusion'),
(234, 'KNADM5A38D6788750', 2006, 'Mazda6 Sport'),
(235, 'WA1YD64B72N721440', 2005, 'Montero'),
(236, 'WAURFAFRXAA487248', 2006, 'Galant'),
(237, 'WA1CFBFP0DA571123', 1997, 'T100'),
(238, '1G6KD57Y96U059820', 1996, 'Paseo'),
(239, '3N1CE2CP7FL652390', 1988, 'Galant'),
(240, '3FAHP0DCXAR329525', 2008, 'V70'),
(241, 'YV4902DZ8E2498968', 1995, '928'),
(242, 'YV1940ASXB1931494', 2002, 'Caravan'),
(243, 'JH4DC53813C902617', 2000, 'Caravan'),
(244, 'JTDZN3EU9FJ948244', 1992, 'Caravan'),
(245, 'JH4NA12665S689563', 2002, 'X-Type'),
(246, 'KMHGC4DD8DU364297', 2007, 'S2000'),
(247, '2C3CCAJG2EH066126', 2012, 'MX-5'),
(248, 'WBABW53466P641833', 2001, 'C70'),
(249, '1G6AA1RX2F0432964', 2007, 'M'),
(250, '1FTNF1E89AK524694', 2009, 'Durango'),
(251, 'WAULT64B24N669153', 1993, 'F250'),
(252, '2B3CK8CT9AH190181', 2005, 'Land Cruiser'),
(253, '2LMHJ5FK5FB662234', 2006, 'Sonata'),
(254, '3VW517AT5FM937420', 1999, 'Passat'),
(255, '1G6DV8EP5D0708020', 1998, 'SLX'),
(256, 'TRUTC28N161329444', 1992, 'Metro'),
(257, 'VNKKTUD39FA384673', 2009, 'Tribute'),
(258, 'JHMZE2H52DS354034', 2006, 'Sierra Hybrid'),
(259, 'WAUSF98K09A857683', 1998, 'Malibu'),
(260, '2G4WC582371015705', 1996, 'Silhouette'),
(261, '3D73M4HL0AG714785', 2007, 'S-Class'),
(262, '5LMJJ3H53AE126708', 2010, 'CR-V'),
(263, '1G4GC5G37EF504824', 2001, 'Odyssey'),
(264, '2C4RRGAG5ER350111', 2006, 'Taurus'),
(265, 'JN8AE2KP3E9031665', 1997, 'Mirage'),
(266, '1C4RDJEG5CC265622', 1978, 'Camaro'),
(267, 'WAUSH94F88N086335', 2005, 'ES'),
(268, 'KNADH4A35A6262540', 2000, 'GS'),
(269, '1GYEE637590063332', 2008, 'F430'),
(270, '1G6KD57Y06U074092', 2008, 'Express 3500'),
(271, 'JTJBC1BA9B2851987', 2004, '525'),
(272, '1ZVBP8JSXA5091699', 2005, 'Civic'),
(273, 'WAUVC58E82A185175', 1992, 'W201'),
(274, '1G4HP52K64U543969', 1992, 'Grand Marquis'),
(275, '5UXFG2C57DL536018', 1986, 'Cougar'),
(276, 'SCFAD02A66G802987', 1989, 'Excel'),
(277, '1GYS4HKJ1FR261895', 1996, '7 Series'),
(278, 'SCBFT7ZA3FC087490', 2010, 'Grand Marquis'),
(279, 'WA1LFAFP3DA430556', 2011, 'Corolla'),
(280, '3G5DB03L36S247703', 2004, 'Silhouette'),
(281, 'JN1CV6APXDM262297', 1994, 'Grand Marquis'),
(282, 'YV1672MW2B2338386', 1986, 'Precis'),
(283, '2HNYD28448H827320', 2012, 'Prius Plug-in Hybrid'),
(284, '2HKRM3H37CH221713', 2001, 'Excursion'),
(285, 'JM1NC2PF2E0307552', 2012, 'F250'),
(286, 'WAUEFAFL1AN613662', 1966, 'Galaxie'),
(287, 'JM1NC2LF9E0910875', 1984, 'SL-Class'),
(288, 'JN8AZ1MU3EW613977', 2000, 'Camaro'),
(289, 'KNAFU6A26B5544636', 2003, 'NSX'),
(290, 'WAUR2AFD4DN767678', 1999, 'SLK-Class'),
(291, '1GYEC63828R648619', 2005, 'Golf'),
(292, '5N1AZ2MG9FN019280', 2010, 'Sentra'),
(293, 'WVGEF9BP4DD288067', 1995, '1500'),
(294, '1FMCU9D71AK851512', 2008, 'Sienna'),
(295, '3N1AB6AP2BL959843', 2001, 'Ram Van 2500'),
(296, 'WAUHF68P16A824126', 1985, 'Leone'),
(297, '5NPEB4AC6CH448458', 1992, 'D350'),
(298, 'KL4CJBSB1EB363790', 2005, '9-5'),
(299, 'WAULT58E45A150967', 2008, 'Continental'),
(300, 'WAUSH74F18N792700', 1999, 'GTI'),
(301, 'WAUML64B24N999296', 1993, '400SEL'),
(302, 'WBAEW53474P227146', 1993, 'Mustang'),
(303, 'WAUAF78E55A139065', 2005, 'Envoy XL'),
(304, '1D7RE3GK2BS575585', 2009, 'Cooper'),
(305, '1G6YV36A195474113', 1999, 'Cherokee'),
(306, '1C4NJPBA9DD181793', 1995, 'Legend'),
(307, 'JN1CV6FE2FM873483', 2003, '525'),
(308, 'WAUJGAFC0DN868352', 2012, 'LaCrosse'),
(309, '1C4SDJCT1EC490169', 2011, 'Sedona'),
(310, 'WP0AB2A83CS968827', 1995, 'Cougar'),
(311, 'WVWAN7AN6EE167210', 1997, 'Cavalier'),
(312, 'WBAEW53444P340150', 2007, 'Carens'),
(313, 'WAUVFAFH3DN191281', 2000, 'Sebring'),
(314, '1GYS4RKJ5FR676952', 1996, 'Stratus'),
(315, 'JM1NC2LFXF0672052', 2008, '6 Series'),
(316, 'WA1UFAFL4DA213437', 2001, 'Rio'),
(317, 'JN1AZ4EH8AM071489', 1998, 'Blazer'),
(318, 'WAUGVAFR3CA238335', 1986, 'EXP'),
(319, 'KMHGC4DD4CU924914', 2011, 'Sierra 3500'),
(320, 'ML32A3HJ5EH008871', 1986, 'Topaz'),
(321, 'WBA3A5G58DN684049', 2006, 'Tribute'),
(322, '5N1AR2MMXFC509051', 2002, 'Venture'),
(323, '1D7CE3GK1AS317305', 2008, 'Ridgeline'),
(324, '5GAKVAED0BJ934539', 1992, 'Econoline E250'),
(325, '5UXFH0C5XAL143949', 1986, 'Ranger'),
(326, '19UUA75518A219780', 2010, 'Charger'),
(327, '5J6TF3H53FL587146', 2008, 'Murciélago LP640'),
(328, 'WA1CYBFE6AD431399', 1993, '4Runner'),
(329, '3GYEK62N06G897380', 1998, 'E-Class'),
(330, '1D7RW3BK6AS229543', 1992, 'Econoline E350'),
(331, 'WAUBT48H85K744259', 2003, 'Excursion'),
(332, 'SCBDR33W97C514823', 1994, 'Acclaim'),
(333, 'YV140MAB6F1570221', 2003, 'E-Class'),
(334, 'WAULD64B12N604515', 2007, 'M6'),
(335, 'JM1NC2LFXD0873463', 1993, 'Quattro'),
(336, 'WBA3A9C58FK776442', 1993, 'Vision'),
(337, 'JM3TB2CA3F0612779', 2007, 'Daewoo Lacetti'),
(338, '19UUA56833A845921', 2002, 'Suburban 1500'),
(339, '2G4GS5GX8E9527771', 2004, 'G35'),
(340, 'JM3TB2CA9F0178108', 2012, 'QX'),
(341, 'WBA3D5C51EK969160', 1999, 'Mustang'),
(342, '5NPDH4AE5FH831937', 2007, 'MKZ'),
(343, '5UMBT93506L526238', 2011, 'Regal'),
(344, '2G61N5S33D9062825', 1992, '626'),
(345, '1N6AA0CH0DN078335', 1987, 'Tredia'),
(346, 'WBSDX9C53DJ757735', 1992, '190E'),
(347, '1N6AF0KX2FN721085', 1999, 'Lumina'),
(348, 'WA1BY94L07D818738', 1990, 'ES'),
(349, '5UXZV4C56DL401613', 2012, 'LS'),
(350, 'WBAKF3C58CJ577208', 1988, 'Tracer'),
(351, '1C3BCBEB3DN266700', 2010, 'Continental Flying Spur'),
(352, '19UUA56771A992604', 1993, 'Montero'),
(353, 'WAUR4AFD9CN465991', 2009, 'MKZ'),
(354, '5TDDK4CC1AS944719', 1992, 'Range Rover'),
(355, 'WAUMK98K19A466059', 2010, 'Sedona'),
(356, '5N1CR2MM8EC659604', 1987, 'Bronco II'),
(357, '5LMJJ2H50EE425976', 1997, 'LS'),
(358, 'WAUSGAFC2CN175298', 2012, 'Matrix'),
(359, 'KMHCT4AE5FU990596', 1996, 'Supra'),
(360, 'WAUFFAFM2AA622875', 2007, 'Dakota'),
(361, '1N6BF0KXXFN353078', 1989, 'W201'),
(362, 'WAUDGBFL6CA038337', 2006, 'Tiburon'),
(363, 'WAUEG78EX6A173048', 1988, 'Thunderbird'),
(364, 'WBAGL63452D566185', 2001, '9-5'),
(365, '2T1KE4EE4AC536558', 2003, 'E150'),
(366, '2T1BU4EE1BC097646', 2004, 'Corvette'),
(367, 'WVGAV3AX6EW377175', 2008, 'C70'),
(368, 'JM1CR2W31A0519575', 2003, 'Pajero'),
(369, '1N6AA0EK1FN793040', 1999, 'Maxima'),
(370, 'WBAVB73547V692242', 2006, 'M6'),
(371, '19UUA8F52EA897003', 2006, 'G6'),
(372, '1N6AA0CA4DN612990', 1985, '5000S'),
(373, '1B3CB5HA1AD911323', 2007, 'Commander'),
(374, 'WBAUN7C51CV497180', 1999, 'Millenia'),
(375, 'JN8AF5MRXDT685867', 2010, 'Sequoia'),
(376, '1GYFK56229R563063', 2005, 'Spectra'),
(377, 'KMHCT4AE2DU377770', 2005, 'Sorento'),
(378, '1N6AD0CU4AC140122', 2001, 'CL-Class'),
(379, 'SAJWA4EB9EL581739', 2006, 'Z4 M'),
(380, '5FRYD4H93GB430407', 1994, 'Ram 1500'),
(381, '5FPYK1F59EB836945', 2005, 'Express 3500'),
(382, '1N6AD0CU6BC517423', 1992, 'Bronco'),
(383, '1G6DX67D070127871', 2003, 'Civic Si'),
(384, 'WBA3B9C57EP685600', 1962, 'Grand Prix'),
(385, '1GYS4HEF9ER236572', 1991, '929'),
(386, 'WA1CFAFP3BA604588', 2004, '545'),
(387, '1GYS3EEJ8BR209929', 2003, 'Stratus'),
(388, '1GD02XEG9FZ639941', 2001, 'Optima'),
(389, 'WBAYB6C55DC109756', 2001, 'G'),
(390, '1D7RB1GT0BS500986', 2003, 'Celica'),
(391, '19UYA42753A874961', 1997, 'Savana 1500'),
(392, 'WAUVFAFH0CN254058', 2009, 'Clubman'),
(393, '2G4G05GV7B9789295', 1994, 'Seville'),
(394, 'JM1BL1K32B1485624', 2007, 'Sportage'),
(395, '1C4RDJEG4CC495491', 2011, 'GranTurismo'),
(396, 'KNAGM4AD8D5751459', 2009, 'Ram 1500'),
(397, 'WBAPK5C53BA135139', 1996, 'Yukon'),
(398, '3N1CN7AP7EL860896', 2002, 'S-Type'),
(399, 'SCBCU8ZA5AC651607', 1993, 'RX-7'),
(400, 'WAUHGBFC0CN948138', 1993, 'Festiva'),
(401, 'WAUBF78E27A850259', 2012, 'QX56'),
(402, 'WBAPM73599A009092', 1998, 'G-Series 3500'),
(403, 'SALAG2V66FA145497', 2005, 'RAV4'),
(404, 'WBA4B1C57FG180177', 1997, 'Trans Sport'),
(405, 'WAUSF78K19N277162', 1966, 'Bonneville'),
(406, 'WAUSF98K69N160608', 2001, 'Focus'),
(407, 'WAU2GBFC1CN084142', 1998, 'QX'),
(408, 'JH4DB76611S606802', 1989, 'Tracer'),
(409, '5N1AZ2MG7FN760768', 2002, 'Rodeo Sport'),
(410, 'KL4CJCSB2FB647016', 2008, 'Azera'),
(411, 'WAUKF98E27A497551', 2012, 'G-Class'),
(412, 'JN1CV6AP9FM925443', 2001, 'Outback'),
(413, '5N1AA0ND4FN858110', 1996, '3500 Club Coupe'),
(414, 'TRURD38JX91218986', 2003, 'Spyder'),
(415, '3N1BC1AP1AL682430', 2007, 'Odyssey'),
(416, 'WAUKG78E46A783384', 1997, 'Avenger'),
(417, '3C3CFFAR2ET204146', 1989, 'Esprit'),
(418, 'WAUGL68E75A415078', 2008, 'i-290'),
(419, '1FTNF2B52AE960074', 1997, 'Tacoma Xtra'),
(420, 'JH4KA965X1C251152', 1989, 'Aerostar'),
(421, '19XFA1E8XBE447649', 2002, 'Aerio'),
(422, '19UUB2F37FA283123', 1990, '200'),
(423, 'WAUJC58E45A428743', 2003, 'Ion'),
(424, 'KMHTC6AD5DU800991', 2001, 'CL'),
(425, '2HNYD18645H266544', 2012, 'Express'),
(426, '3VW467AT0DM005605', 1993, 'Continental'),
(427, '1N6AF0LX4FN887686', 2000, 'Montero Sport'),
(428, 'WVGAV7AX5AW413973', 1994, 'Firebird'),
(429, '2GKALMEK2F6443316', 1993, 'Maxima'),
(430, '5N1AA0NCXEN268113', 2002, 'Civic'),
(431, 'JN1BV7AP9FM272386', 1999, 'Accord'),
(432, 'KNAGM4AD0F5834287', 1985, 'Camaro'),
(433, 'WA1LFAFP7FA019342', 2007, 'Aura'),
(434, '3C4PDDDGXCT201087', 2004, '325'),
(435, 'WAUDV94F29N793207', 1990, '928'),
(436, '3LN6L2LU4ER259220', 1992, 'Rocky'),
(437, 'JTHBC1KS4A5727309', 1997, 'Sable'),
(438, '1GYS4BKJ2FR824725', 2009, 'Quest'),
(439, 'WBAKB4C53BC945363', 2008, '9-7X'),
(440, 'WUAUUAFG5F7641020', 2009, 'S8'),
(441, '2G4WS52J821339079', 1987, 'Mustang'),
(442, '1G6DA5E58C0093230', 1990, 'Accord'),
(443, '1FMJK1G5XCE817398', 2002, 'LX'),
(444, 'JH4DB76691S227935', 1995, 'T100 Xtra'),
(445, '5YMGZ0C59D0496599', 2005, 'E350'),
(446, '2G61T5S36F9755669', 1986, 'Mustang'),
(447, 'WP0AA2A87CU517357', 2008, 'CLK-Class'),
(448, '2C4RDGDG9DR587774', 1992, 'Cherokee'),
(449, 'WVWAP7AN0DE715372', 2012, 'Acadia'),
(450, 'WBAYP1C56FD148244', 1990, 'Chariot'),
(451, 'WBAWR33588P152746', 1984, 'Electra'),
(452, 'WAUEF78EX6A508926', 2011, '911'),
(453, 'KMHEC4A40BA106933', 1993, 'Talon'),
(454, 'WAUBNBFB9BN693796', 2009, 'Milan'),
(455, 'KNDMG4C30A6237323', 2007, 'Monterey'),
(456, '19UUA65686A226810', 1998, 'Montero'),
(457, '1C3CCBAG6EN807097', 1964, 'Bonneville'),
(458, '1FTEW1CF3FF668792', 2009, 'Suburban 2500'),
(459, '1FTWX3A58AE901247', 2004, 'Ranger'),
(460, 'WBA3B5C59EF537883', 2006, 'Dakota'),
(461, 'WBABV13475J967637', 1993, '940'),
(462, 'WAUKF78E57A019824', 2001, 'Intrepid'),
(463, '1FTWW3A57AE095226', 1976, 'Aspen'),
(464, '1GTN1TEX4BZ682714', 1992, 'Suburban 1500'),
(465, 'SALAB2D46AA379291', 2011, 'Maxima'),
(466, 'WAUDF58E65A265999', 2002, 'TT'),
(467, 'JTHBE1BL2F1079017', 2008, 'R32'),
(468, '5GAKRCED2CJ750222', 1994, 'Colt'),
(469, 'WBAHN83526D567996', 2002, 'Viper'),
(470, 'WAUKD78PX6A400879', 2012, 'CT'),
(471, '1N6AA0EK6FN453303', 2010, 'Altima'),
(472, '2FMGK5D87FB170846', 2010, 'Nitro'),
(473, 'WAULH64B31N526225', 1998, 'Camry'),
(474, 'JH4KB16548C619026', 2008, 'Ridgeline'),
(475, '3N6CM0KN4EK607025', 2011, '3500'),
(476, '3D7LP2ET9AG524709', 2004, 'A6'),
(477, 'WAULFAFR4CA325883', 2008, 'Camry'),
(478, '19UUA66274A448277', 2008, 'A4'),
(479, 'SCFEBBAC8AG248978', 2011, '9-5'),
(480, 'WBADT33412G857377', 2011, 'Insight'),
(481, 'SCFAB02E59G212258', 1988, 'Firebird'),
(482, 'WBAKE3C58CE503038', 1993, 'Skylark'),
(483, '1N6AA0EKXFN513325', 2004, 'S4'),
(484, 'W06VR54R51R431983', 1996, 'F-Series'),
(485, 'TRURD28N761695335', 1989, 'W201'),
(486, '1G6KA5EY2AU471906', 2001, 'Accent'),
(487, 'TRUB3AFK5C1705461', 2007, 'Ranger'),
(488, '5TFBW5F11BX697953', 2010, 'Accord'),
(489, 'WBSBR934X3P139056', 1984, 'Brat'),
(490, 'WAUDG78E66A350223', 2008, '300'),
(491, 'WBA4B3C53FG320205', 1964, 'Avanti'),
(492, 'WA1CM74L59D036426', 2000, 'S2000'),
(493, 'WAUMR44EX6N035903', 1999, 'Cougar'),
(494, '1G4HP57247U489875', 2002, 'Ram Van 2500'),
(495, '137FA90391E385846', 2006, 'Mazda6 5-Door'),
(496, '1GYEC63N75R132581', 2008, 'Suburban 1500'),
(497, 'WAUBF98E18A811286', 1993, 'Sportvan G10'),
(498, 'JTDKN3DU8A0252203', 1997, 'Intrepid'),
(499, 'WA1LMBFE7ED440923', 2001, 'Mirage'),
(500, 'WAUFGBFC9DN945635', 2004, 'Caravan');

-- --------------------------------------------------------

--
-- Sukurta duomenų struktūra lentelei `car_management`
--

CREATE TABLE IF NOT EXISTS `car_management` (
  `id` int(11) NOT NULL DEFAULT '0',
  `cars_id` int(11) DEFAULT NULL,
  `segments_id` int(11) DEFAULT NULL,
  `user_id` int(11) DEFAULT NULL,
  `date_from` date DEFAULT NULL,
  `date_to` date DEFAULT NULL
) ENGINE=InnoDB DEFAULT CHARSET=latin1;

--
-- Sukurta duomenų kopija lentelei `car_management`
--

INSERT INTO `car_management` (`id`, `cars_id`, `segments_id`, `user_id`, `date_from`, `date_to`) VALUES
(1, 228, 4, 154, '2019-04-17', '2019-10-22'),
(2, 71, 1, 88, '2019-04-28', '2019-09-28'),
(3, 199, 4, 26, '2019-04-23', '2020-04-22'),
(5, 214, 6, 12, '2019-04-29', '2019-06-24'),
(6, 94, 1, 69, '2019-04-26', '2019-11-25'),
(7, 182, 5, 95, '2019-04-24', '2020-04-08'),
(8, 41, 7, 173, '2018-04-03', '2018-06-07'),
(50, 1, 1, 63, '2019-10-23', '2020-01-08'),
(59, 237, 6, 109, '2019-04-19', '2019-09-19'),
(60, 474, 2, 22, '2019-04-03', '2020-02-17'),
(61, 87, 1, 163, '2019-04-14', '2019-09-24'),
(62, 270, 2, 158, '2019-04-20', '2020-05-06'),
(63, 321, 2, 43, '2019-05-01', '2019-06-17'),
(64, 425, 1, 64, '2019-04-01', '2020-04-07'),
(65, 126, 3, 156, '2019-04-15', '2020-02-22'),
(66, 230, 2, 126, '2019-05-01', '2020-02-16'),
(67, 72, 7, 142, '2019-07-18', '2020-08-12'),
(68, 314, 6, 93, '2019-04-05', '2019-06-17'),
(69, 211, 7, 118, '2019-04-28', '2019-07-04'),
(70, 464, 6, 35, '2019-04-01', '2020-02-28'),
(71, 5, 5, 167, '2019-04-05', '2019-09-21'),
(72, 350, 7, 89, '2019-04-07', '2019-07-28'),
(73, 476, 5, 178, '2019-04-03', '2020-05-03'),
(74, 216, 5, 167, '2019-04-13', '2019-08-28'),
(75, 354, 5, 157, '2019-04-30', '2020-02-11'),
(76, 16, 1, 40, '2019-04-19', '2020-04-21'),
(77, 258, 6, 49, '2019-04-30', '2019-09-23'),
(78, 416, 5, 19, '2019-04-22', '2019-06-18'),
(79, 393, 1, 86, '2019-04-16', '2020-04-17'),
(80, 449, 6, 93, '2019-04-11', '2019-07-23'),
(81, 7, 7, 142, '2019-04-21', '2019-11-27'),
(82, 295, 1, 88, '2019-04-30', '2019-12-30'),
(83, 172, 7, 37, '2019-04-14', '2019-08-01'),
(84, 201, 4, 91, '2019-04-11', '2019-12-07'),
(85, 143, 7, 65, '2019-04-18', '2020-02-27'),
(86, 72, 7, 110, '2019-04-10', '2019-06-22'),
(87, 41, 1, 28, '2019-04-23', '2020-04-30'),
(88, 385, 5, 97, '2019-05-01', '2020-01-03'),
(89, 139, 7, 110, '2019-04-18', '2019-10-08'),
(90, 381, 4, 91, '2019-04-02', '2019-09-16'),
(91, 295, 1, 163, '2019-04-06', '2019-11-08'),
(501, 230, 4, 63, '2018-02-01', '2019-01-23');

-- --------------------------------------------------------

--
-- Sukurta duomenų struktūra lentelei `car_status`
--

CREATE TABLE IF NOT EXISTS `car_status` (
  `id` int(11) NOT NULL DEFAULT '0',
  `cars_id` int(11) DEFAULT NULL,
  `status_id` int(11) DEFAULT NULL,
  `date_from` date DEFAULT NULL,
  `date_to` date DEFAULT NULL
) ENGINE=InnoDB DEFAULT CHARSET=latin1;

--
-- Sukurta duomenų kopija lentelei `car_status`
--

INSERT INTO `car_status` (`id`, `cars_id`, `status_id`, `date_from`, `date_to`) VALUES
(1, 1, 3, '2019-03-01', '2020-02-07'),
(2, 2, 2, '2019-02-21', '2020-02-13'),
(3, 3, 3, '2019-02-11', '2020-02-15'),
(4, 4, 4, '2019-01-04', '2020-02-21'),
(5, 5, 5, '2019-01-26', '2020-03-14'),
(6, 6, 6, '2019-01-01', '2020-05-16'),
(7, 7, 7, '2019-02-25', '2020-05-12'),
(8, 8, 8, '2019-02-01', '2020-05-12'),
(9, 9, 9, '2019-02-13', '2020-05-22'),
(10, 10, 10, '2019-02-12', '2020-04-08'),
(11, 11, 11, '2019-02-13', '2020-05-27'),
(12, 12, 12, '2019-01-08', '2020-03-23'),
(13, 13, 13, '2019-01-17', '2020-05-27'),
(14, 14, 14, '2019-03-01', '2020-05-22'),
(15, 15, 15, '2019-01-09', '2020-05-20'),
(16, 16, 1, '2019-02-23', '2020-06-08'),
(17, 17, 17, '2019-02-09', '2020-03-09'),
(18, 18, 18, '2019-01-29', '2020-06-02'),
(19, 19, 19, '2019-02-09', '2020-05-05'),
(20, 20, 20, '2019-01-19', '2020-06-01'),
(21, 21, 21, '2019-02-27', '2020-05-19'),
(22, 22, 22, '2019-01-07', '2020-02-28'),
(23, 23, 23, '2019-02-20', '2020-06-06'),
(24, 24, 24, '2019-01-27', '2020-02-10'),
(25, 25, 25, '2019-02-04', '2020-04-05'),
(26, 26, 26, '2019-02-04', '2020-02-05'),
(27, 27, 27, '2019-01-12', '2020-02-24'),
(28, 28, 28, '2019-02-19', '2020-05-01'),
(29, 29, 29, '2019-02-25', '2020-05-24'),
(30, 30, 30, '2019-02-11', '2020-03-12'),
(31, 31, 31, '2019-01-21', '2020-03-04'),
(32, 32, 32, '2019-01-02', '2020-05-28'),
(33, 33, 33, '2019-01-13', '2020-04-11'),
(34, 34, 34, '2019-02-04', '2020-04-27'),
(35, 35, 35, '2019-01-09', '2020-03-23'),
(36, 36, 36, '2019-01-21', '2020-05-24'),
(37, 37, 37, '2019-01-06', '2020-03-28'),
(38, 38, 38, '2019-01-22', '2020-03-31'),
(39, 39, 39, '2019-01-09', '2020-02-21'),
(40, 40, 40, '2019-01-18', '2020-03-13'),
(41, 41, 41, '2019-01-28', '2020-02-25'),
(42, 42, 42, '2019-02-22', '2020-04-21'),
(43, 43, 43, '2019-02-15', '2020-02-20'),
(44, 44, 44, '2019-02-23', '2020-02-26'),
(45, 45, 45, '2019-03-01', '2020-02-24'),
(46, 46, 46, '2019-01-26', '2020-04-29'),
(47, 47, 47, '2019-01-19', '2020-06-08'),
(48, 48, 48, '2019-02-24', '2020-04-29'),
(49, 49, 49, '2019-02-26', '2020-05-14'),
(50, 50, 50, '2019-01-05', '2020-02-06'),
(51, 51, 51, '2019-02-18', '2020-05-25'),
(52, 52, 52, '2019-02-23', '2020-04-11'),
(53, 53, 53, '2019-01-08', '2020-05-04'),
(54, 54, 54, '2019-02-06', '2020-03-02'),
(55, 55, 55, '2019-01-29', '2020-04-30'),
(56, 56, 56, '2019-01-29', '2020-05-31'),
(57, 57, 57, '2019-01-23', '2020-05-10'),
(58, 58, 58, '2019-02-04', '2020-05-21'),
(59, 59, 59, '2019-01-12', '2020-03-09'),
(60, 60, 60, '2019-02-20', '2020-03-16'),
(61, 61, 61, '2019-01-15', '2020-03-02'),
(62, 62, 62, '2019-01-09', '2020-05-06'),
(63, 63, 63, '2019-02-15', '2020-03-28'),
(64, 64, 64, '2019-02-04', '2020-03-10'),
(65, 65, 65, '2019-01-20', '2020-06-04'),
(66, 66, 66, '2019-01-12', '2020-02-21'),
(67, 67, 67, '2019-01-10', '2020-05-10'),
(68, 68, 68, '2019-02-22', '2020-04-11'),
(69, 69, 69, '2019-02-10', '2020-05-05'),
(70, 70, 70, '2019-02-22', '2020-03-12'),
(71, 71, 71, '2019-02-16', '2020-05-05'),
(72, 72, 72, '2019-01-10', '2020-03-20'),
(73, 73, 73, '2019-01-17', '2020-03-21'),
(74, 74, 74, '2019-01-18', '2020-04-17'),
(75, 75, 75, '2019-02-05', '2020-06-08'),
(76, 76, 76, '2019-01-04', '2020-02-27'),
(77, 77, 77, '2019-02-09', '2020-03-23'),
(78, 78, 78, '2019-02-23', '2020-03-30'),
(79, 79, 79, '2019-01-28', '2020-06-02'),
(80, 80, 80, '2019-01-27', '2020-02-17'),
(81, 81, 81, '2019-01-05', '2020-03-17'),
(82, 82, 82, '2019-02-06', '2020-02-29'),
(83, 83, 83, '2019-02-05', '2020-03-06'),
(84, 84, 84, '2019-02-08', '2020-06-01'),
(85, 85, 85, '2019-01-28', '2020-03-27'),
(86, 86, 86, '2019-01-31', '2020-02-18'),
(87, 87, 87, '2019-02-05', '2020-05-01'),
(88, 88, 88, '2019-02-11', '2020-05-13'),
(89, 89, 89, '2019-02-03', '2020-04-01'),
(90, 90, 90, '2019-02-19', '2020-04-05'),
(91, 91, 91, '2019-02-02', '2020-04-23'),
(92, 92, 92, '2019-02-24', '2020-03-15'),
(93, 93, 93, '2019-01-24', '2020-02-25'),
(94, 94, 94, '2019-01-15', '2020-05-11'),
(95, 95, 95, '2019-02-06', '2020-05-15'),
(96, 96, 96, '2019-02-28', '2020-05-18'),
(97, 97, 97, '2019-02-25', '2020-05-20'),
(98, 98, 98, '2019-01-08', '2020-05-18'),
(99, 99, 99, '2019-02-13', '2020-02-21'),
(100, 100, 100, '2019-01-21', '2020-02-17'),
(101, 101, 101, '2019-01-16', '2020-03-21'),
(102, 102, 102, '2019-01-28', '2020-05-20'),
(103, 103, 103, '2019-01-28', '2020-05-01'),
(104, 104, 104, '2019-02-21', '2020-03-05'),
(105, 105, 105, '2019-01-13', '2020-04-30'),
(106, 106, 106, '2019-01-03', '2020-05-06'),
(107, 107, 107, '2019-02-10', '2020-06-06'),
(108, 108, 108, '2019-02-18', '2020-04-10'),
(109, 109, 109, '2019-01-12', '2020-03-29'),
(110, 110, 110, '2019-01-21', '2020-03-20'),
(111, 111, 111, '2019-02-15', '2020-02-28'),
(112, 112, 112, '2019-01-29', '2020-02-19'),
(113, 113, 113, '2019-01-18', '2020-05-02'),
(114, 114, 114, '2019-02-06', '2020-06-02'),
(115, 115, 115, '2019-02-14', '2020-04-12'),
(116, 116, 116, '2019-02-07', '2020-05-02'),
(117, 117, 117, '2019-01-15', '2020-03-05'),
(118, 118, 118, '2019-02-06', '2020-02-27'),
(119, 119, 119, '2019-02-19', '2020-04-16'),
(120, 120, 120, '2019-01-05', '2020-02-13'),
(121, 121, 121, '2019-02-27', '2020-06-06'),
(122, 122, 122, '2019-01-23', '2020-05-25'),
(123, 123, 123, '2019-01-19', '2020-05-12'),
(124, 124, 124, '2019-01-17', '2020-02-14'),
(125, 125, 125, '2019-02-17', '2020-03-31'),
(126, 126, 126, '2019-01-23', '2020-05-26'),
(127, 127, 127, '2019-01-09', '2020-04-28'),
(128, 128, 128, '2019-02-16', '2020-05-01'),
(129, 129, 129, '2019-01-09', '2020-03-26'),
(130, 130, 130, '2019-01-29', '2020-03-07'),
(131, 131, 131, '2019-02-12', '2020-06-08'),
(132, 132, 132, '2019-01-12', '2020-03-10'),
(133, 133, 133, '2019-02-16', '2020-02-21'),
(134, 134, 134, '2019-02-16', '2020-02-22'),
(135, 135, 135, '2019-02-24', '2020-05-24'),
(136, 136, 136, '2019-02-20', '2020-02-13'),
(137, 137, 137, '2019-02-23', '2020-05-09'),
(138, 138, 138, '2019-01-11', '2020-04-08'),
(139, 139, 139, '2019-02-26', '2020-04-07'),
(140, 140, 140, '2019-02-06', '2020-03-30'),
(141, 141, 141, '2019-01-26', '2020-06-02'),
(142, 142, 142, '2019-02-13', '2020-02-22'),
(143, 143, 143, '2019-01-14', '2020-02-14'),
(144, 144, 144, '2019-02-22', '2020-04-05'),
(145, 145, 145, '2019-02-27', '2020-04-29'),
(146, 146, 146, '2019-01-05', '2020-03-10'),
(147, 147, 147, '2019-01-18', '2020-04-18'),
(148, 148, 148, '2019-01-01', '2020-04-13'),
(149, 149, 149, '2019-01-26', '2020-03-03'),
(150, 150, 150, '2019-01-05', '2020-02-09'),
(151, 151, 151, '2019-01-19', '2020-06-01'),
(152, 152, 152, '2019-02-26', '2020-02-22'),
(153, 153, 153, '2019-01-21', '2020-03-25'),
(154, 154, 154, '2019-02-24', '2020-02-05'),
(155, 155, 155, '2019-02-04', '2020-05-14'),
(156, 156, 156, '2019-01-11', '2020-04-19'),
(157, 157, 157, '2019-01-11', '2020-04-15'),
(158, 158, 158, '2019-01-13', '2020-04-24'),
(159, 159, 159, '2019-02-05', '2020-04-15'),
(160, 160, 160, '2019-01-31', '2020-04-13'),
(161, 161, 161, '2019-02-21', '2020-02-27'),
(162, 162, 162, '2019-01-02', '2020-04-27'),
(163, 163, 163, '2019-01-09', '2020-06-05'),
(164, 164, 164, '2019-01-17', '2020-05-25'),
(165, 165, 165, '2019-02-09', '2020-02-18'),
(166, 166, 166, '2019-02-16', '2020-05-01'),
(167, 167, 167, '2019-02-21', '2020-04-16'),
(168, 168, 168, '2019-01-07', '2020-04-08'),
(169, 169, 169, '2019-01-17', '2020-02-22'),
(170, 170, 170, '2019-02-20', '2020-05-03'),
(171, 171, 171, '2019-01-05', '2020-03-25'),
(172, 172, 172, '2019-01-28', '2020-04-30'),
(173, 173, 173, '2019-02-27', '2020-02-18'),
(174, 174, 174, '2019-02-02', '2020-04-23'),
(175, 175, 175, '2019-02-28', '2020-03-28'),
(176, 176, 176, '2019-01-13', '2020-03-18'),
(177, 177, 177, '2019-02-08', '2020-05-29'),
(178, 178, 178, '2019-02-21', '2020-05-02'),
(179, 179, 179, '2019-02-01', '2020-02-05'),
(180, 180, 180, '2019-01-29', '2020-02-26'),
(181, 181, 181, '2019-02-01', '2020-02-06'),
(182, 182, 182, '2019-02-24', '2020-04-09'),
(183, 183, 183, '2019-02-20', '2020-03-21'),
(184, 184, 184, '2019-02-07', '2020-04-10'),
(185, 185, 185, '2019-01-09', '2020-04-20'),
(186, 186, 186, '2019-02-04', '2020-05-03'),
(187, 187, 187, '2019-01-20', '2020-03-20'),
(188, 188, 188, '2019-02-10', '2020-03-07'),
(189, 189, 189, '2019-02-20', '2020-05-20'),
(190, 190, 190, '2019-01-29', '2020-03-16'),
(191, 191, 191, '2019-01-27', '2020-04-09'),
(192, 192, 192, '2019-01-29', '2020-02-26'),
(193, 193, 193, '2019-01-23', '2020-05-04'),
(194, 194, 194, '2019-02-22', '2020-02-28'),
(195, 195, 195, '2019-02-14', '2020-04-12'),
(196, 196, 196, '2019-01-30', '2020-02-16'),
(197, 197, 197, '2019-02-08', '2020-03-01'),
(198, 198, 198, '2019-01-26', '2020-04-05'),
(199, 199, 199, '2019-01-11', '2020-04-06'),
(200, 200, 200, '2019-01-24', '2020-04-22'),
(201, 201, 201, '2019-01-05', '2020-05-20'),
(202, 202, 202, '2019-01-07', '2020-02-19'),
(203, 203, 203, '2019-01-20', '2020-03-16'),
(204, 204, 204, '2019-02-27', '2020-04-07'),
(205, 205, 205, '2019-02-12', '2020-05-29'),
(206, 206, 206, '2019-02-12', '2020-05-16'),
(207, 207, 207, '2019-01-05', '2020-04-14'),
(208, 208, 208, '2019-02-28', '2020-05-01'),
(209, 209, 209, '2019-02-13', '2020-04-13'),
(210, 210, 210, '2019-02-08', '2020-05-02'),
(211, 211, 211, '2019-01-23', '2020-06-08'),
(212, 212, 212, '2019-02-25', '2020-03-05'),
(213, 213, 213, '2019-02-22', '2020-03-14'),
(214, 214, 214, '2019-02-05', '2020-05-10'),
(215, 215, 215, '2019-02-17', '2020-03-30'),
(216, 216, 216, '2019-01-29', '2020-04-29'),
(217, 217, 217, '2019-01-04', '2020-02-17'),
(218, 218, 218, '2019-01-09', '2020-05-12'),
(219, 219, 219, '2019-01-22', '2020-02-05'),
(220, 220, 220, '2019-02-20', '2020-03-30'),
(221, 221, 221, '2019-02-12', '2020-02-21'),
(222, 222, 222, '2019-01-14', '2020-05-23'),
(223, 223, 223, '2019-01-26', '2020-05-30'),
(224, 224, 224, '2019-01-15', '2020-02-10'),
(225, 225, 225, '2019-01-26', '2020-04-25'),
(226, 226, 226, '2019-02-21', '2020-03-14'),
(227, 227, 227, '2019-02-18', '2020-02-22'),
(228, 228, 228, '2019-02-22', '2020-04-07'),
(229, 229, 229, '2019-02-17', '2020-05-31'),
(230, 230, 230, '2019-01-08', '2020-04-14'),
(231, 231, 231, '2019-01-16', '2020-04-17'),
(232, 232, 232, '2019-01-28', '2020-02-08'),
(233, 233, 233, '2019-02-16', '2020-03-22'),
(234, 234, 234, '2019-02-23', '2020-03-26'),
(235, 235, 235, '2019-01-15', '2020-02-10'),
(236, 236, 236, '2019-01-15', '2020-05-26'),
(237, 237, 237, '2019-02-05', '2020-03-23'),
(238, 238, 238, '2019-01-18', '2020-02-06'),
(239, 239, 239, '2019-01-03', '2020-02-07'),
(240, 240, 240, '2019-01-09', '2020-05-16'),
(241, 241, 241, '2019-02-14', '2020-03-14'),
(242, 242, 242, '2019-01-05', '2020-04-26'),
(243, 243, 243, '2019-02-02', '2020-02-22'),
(244, 244, 244, '2019-01-16', '2020-03-16'),
(245, 245, 245, '2019-02-06', '2020-04-06'),
(246, 246, 246, '2019-02-23', '2020-03-02'),
(247, 247, 247, '2019-01-19', '2020-02-21'),
(248, 248, 248, '2019-01-06', '2020-06-05'),
(249, 249, 249, '2019-01-04', '2020-06-06'),
(250, 250, 250, '2019-02-16', '2020-02-18'),
(251, 251, 251, '2019-02-26', '2020-03-07'),
(252, 252, 252, '2019-02-11', '2020-04-19'),
(253, 253, 253, '2019-02-05', '2020-02-19'),
(254, 254, 254, '2019-02-06', '2020-02-07'),
(255, 255, 255, '2019-02-24', '2020-05-01'),
(256, 256, 256, '2019-02-28', '2020-04-22'),
(257, 257, 257, '2019-01-22', '2020-05-28'),
(258, 258, 258, '2019-02-01', '2020-03-16'),
(259, 259, 259, '2019-02-01', '2020-02-22'),
(260, 260, 260, '2019-01-05', '2020-04-03'),
(261, 261, 261, '2019-02-04', '2020-05-29'),
(262, 262, 262, '2019-01-10', '2020-02-13'),
(263, 263, 263, '2019-02-04', '2020-06-08'),
(264, 264, 264, '2019-02-13', '2020-04-30'),
(265, 265, 265, '2019-01-29', '2020-04-01'),
(266, 266, 266, '2019-01-15', '2020-02-21'),
(267, 267, 267, '2019-01-17', '2020-02-07'),
(268, 268, 268, '2019-02-15', '2020-04-14'),
(269, 269, 269, '2019-02-26', '2020-05-24'),
(270, 270, 270, '2019-01-02', '2020-03-07'),
(271, 271, 271, '2019-01-21', '2020-06-01'),
(272, 272, 272, '2019-01-14', '2020-02-20'),
(273, 273, 273, '2019-01-29', '2020-04-18'),
(274, 274, 274, '2019-02-23', '2020-05-30'),
(275, 275, 275, '2019-02-16', '2020-05-06'),
(276, 276, 276, '2019-02-13', '2020-04-28'),
(277, 277, 277, '2019-01-09', '2020-02-10'),
(278, 278, 278, '2019-01-28', '2020-04-25'),
(279, 279, 279, '2019-02-20', '2020-04-04'),
(280, 280, 280, '2019-01-30', '2020-04-25'),
(281, 281, 281, '2019-01-12', '2020-05-19'),
(282, 282, 282, '2019-02-07', '2020-03-26'),
(283, 283, 283, '2019-01-12', '2020-04-07'),
(284, 284, 284, '2019-01-28', '2020-02-24'),
(285, 285, 285, '2019-02-17', '2020-04-07'),
(286, 286, 286, '2019-02-22', '2020-05-21'),
(287, 287, 287, '2019-01-28', '2020-03-03'),
(288, 288, 288, '2019-01-28', '2020-03-22'),
(289, 289, 289, '2019-02-14', '2020-04-02'),
(290, 290, 290, '2019-01-10', '2020-02-07'),
(291, 291, 291, '2019-02-25', '2020-03-12'),
(292, 292, 292, '2019-02-23', '2020-05-20'),
(293, 293, 293, '2019-02-22', '2020-04-01'),
(294, 294, 294, '2019-01-15', '2020-04-28'),
(295, 295, 295, '2019-01-22', '2020-04-02'),
(296, 296, 296, '2019-01-14', '2020-04-21'),
(297, 297, 297, '2019-02-26', '2020-05-25'),
(298, 298, 298, '2019-02-18', '2020-04-30'),
(299, 299, 299, '2019-01-30', '2020-04-01'),
(300, 300, 300, '2019-01-05', '2020-05-01'),
(301, 301, 301, '2019-02-06', '2020-04-11'),
(302, 302, 302, '2019-01-08', '2020-05-16'),
(303, 303, 303, '2019-01-12', '2020-02-26'),
(304, 304, 304, '2019-02-21', '2020-06-07'),
(305, 305, 305, '2019-02-12', '2020-03-17'),
(306, 306, 306, '2019-01-16', '2020-05-15'),
(307, 307, 307, '2019-02-16', '2020-05-01'),
(308, 308, 308, '2019-01-25', '2020-06-01'),
(309, 309, 309, '2019-01-15', '2020-05-19'),
(310, 310, 310, '2019-01-01', '2020-06-08'),
(311, 311, 311, '2019-01-12', '2020-03-25'),
(312, 312, 312, '2019-01-01', '2020-03-20'),
(313, 313, 313, '2019-01-01', '2020-02-29'),
(314, 314, 314, '2019-02-01', '2020-04-10'),
(315, 315, 315, '2019-01-12', '2020-03-18'),
(316, 316, 316, '2019-01-04', '2020-03-07'),
(317, 317, 317, '2019-02-01', '2020-03-29'),
(318, 318, 318, '2019-02-06', '2020-05-25'),
(319, 319, 319, '2019-02-17', '2020-06-07'),
(320, 320, 320, '2019-02-02', '2020-04-21'),
(321, 321, 321, '2019-02-06', '2020-05-20'),
(322, 322, 322, '2019-01-02', '2020-03-14'),
(323, 323, 323, '2019-01-02', '2020-02-29'),
(324, 324, 324, '2019-02-13', '2020-05-23'),
(325, 325, 325, '2019-02-19', '2020-03-10'),
(326, 326, 326, '2019-01-29', '2020-05-01'),
(327, 327, 327, '2019-01-22', '2020-03-27'),
(328, 328, 328, '2019-01-14', '2020-04-06'),
(329, 329, 329, '2019-01-18', '2020-05-17'),
(330, 330, 330, '2019-01-19', '2020-05-25'),
(331, 331, 331, '2019-02-10', '2020-06-08'),
(332, 332, 332, '2019-02-08', '2020-04-14'),
(333, 333, 333, '2019-01-22', '2020-03-26'),
(334, 334, 334, '2019-02-04', '2020-05-26'),
(335, 335, 335, '2019-01-29', '2020-05-27'),
(336, 336, 336, '2019-02-04', '2020-02-09'),
(337, 337, 337, '2019-02-13', '2020-04-22'),
(338, 338, 338, '2019-02-12', '2020-06-05'),
(339, 339, 339, '2019-01-15', '2020-05-27'),
(340, 340, 340, '2019-01-22', '2020-03-31'),
(341, 341, 341, '2019-01-08', '2020-05-29'),
(342, 342, 342, '2019-01-07', '2020-04-12'),
(343, 343, 343, '2019-01-31', '2020-06-04'),
(344, 344, 344, '2019-01-15', '2020-05-21'),
(345, 345, 345, '2019-02-26', '2020-04-22'),
(346, 346, 346, '2019-02-25', '2020-02-15'),
(347, 347, 347, '2019-01-07', '2020-04-02'),
(348, 348, 348, '2019-02-21', '2020-02-16'),
(349, 349, 349, '2019-01-31', '2020-03-06'),
(350, 350, 350, '2019-02-21', '2020-05-31'),
(351, 351, 351, '2019-02-22', '2020-03-10'),
(352, 352, 352, '2019-01-13', '2020-05-01'),
(353, 353, 353, '2019-01-16', '2020-03-03'),
(354, 354, 354, '2019-02-15', '2020-05-15'),
(355, 355, 355, '2019-01-20', '2020-04-16'),
(356, 356, 356, '2019-01-04', '2020-05-28'),
(357, 357, 357, '2019-02-19', '2020-03-22'),
(358, 358, 358, '2019-01-05', '2020-03-23'),
(359, 359, 359, '2019-01-22', '2020-06-01'),
(360, 360, 360, '2019-02-14', '2020-06-05'),
(361, 361, 361, '2019-02-16', '2020-04-02'),
(362, 362, 362, '2019-01-29', '2020-02-28'),
(363, 363, 363, '2019-01-25', '2020-04-21'),
(364, 364, 364, '2019-02-09', '2020-03-23'),
(365, 365, 365, '2019-02-27', '2020-02-10'),
(366, 366, 366, '2019-02-16', '2020-04-19'),
(367, 367, 367, '2019-01-22', '2020-06-05'),
(368, 368, 368, '2019-01-31', '2020-04-24'),
(369, 369, 369, '2019-01-02', '2020-04-25'),
(370, 370, 370, '2019-02-11', '2020-03-16'),
(371, 371, 371, '2019-02-23', '2020-04-16'),
(372, 372, 372, '2019-02-08', '2020-04-03'),
(373, 373, 373, '2019-02-26', '2020-05-19'),
(374, 374, 374, '2019-01-14', '2020-03-28'),
(375, 375, 375, '2019-01-07', '2020-03-03'),
(376, 376, 376, '2019-01-23', '2020-04-09'),
(377, 377, 377, '2019-01-30', '2020-03-12'),
(378, 378, 378, '2019-01-27', '2020-05-11'),
(379, 379, 379, '2019-01-12', '2020-06-07'),
(380, 380, 380, '2019-01-31', '2020-04-09'),
(381, 381, 381, '2019-01-31', '2020-05-27'),
(382, 382, 382, '2019-01-30', '2020-06-06'),
(383, 383, 383, '2019-02-24', '2020-02-24'),
(384, 384, 384, '2019-02-11', '2020-05-26'),
(385, 385, 385, '2019-01-14', '2020-02-21'),
(386, 386, 386, '2019-01-23', '2020-04-04'),
(387, 387, 387, '2019-01-05', '2020-03-17'),
(388, 388, 388, '2019-01-09', '2020-04-19'),
(389, 389, 389, '2019-02-18', '2020-05-13'),
(390, 390, 390, '2019-01-24', '2020-04-14'),
(391, 391, 391, '2019-01-16', '2020-05-29'),
(392, 392, 392, '2019-02-08', '2020-05-22'),
(393, 393, 393, '2019-01-29', '2020-05-08'),
(394, 394, 394, '2019-02-02', '2020-03-01'),
(395, 395, 395, '2019-03-01', '2020-05-29'),
(396, 396, 396, '2019-01-15', '2020-05-24'),
(397, 397, 397, '2019-02-02', '2020-04-15'),
(398, 398, 398, '2019-02-03', '2020-04-05'),
(399, 399, 399, '2019-01-27', '2020-02-05'),
(400, 400, 400, '2019-02-20', '2020-03-11'),
(401, 401, 401, '2019-01-01', '2020-03-11'),
(402, 402, 402, '2019-02-18', '2020-04-10'),
(403, 403, 403, '2019-01-29', '2020-04-21'),
(404, 404, 404, '2019-02-07', '2020-04-20'),
(405, 405, 405, '2019-02-21', '2020-06-08'),
(406, 406, 406, '2019-01-04', '2020-04-17'),
(407, 407, 407, '2019-01-02', '2020-03-06'),
(408, 408, 408, '2019-01-13', '2020-04-12'),
(409, 409, 409, '2019-02-04', '2020-04-28'),
(410, 410, 410, '2019-02-12', '2020-04-06'),
(411, 411, 411, '2019-02-02', '2020-05-19'),
(412, 412, 412, '2019-01-10', '2020-02-18'),
(413, 413, 413, '2019-01-30', '2020-03-16'),
(414, 414, 414, '2019-01-13', '2020-04-27'),
(415, 415, 415, '2019-02-18', '2020-03-13'),
(416, 416, 416, '2019-01-05', '2020-05-17'),
(417, 417, 417, '2019-01-15', '2020-05-29'),
(418, 418, 418, '2019-01-05', '2020-02-22'),
(419, 419, 419, '2019-02-19', '2020-02-09'),
(420, 420, 420, '2019-01-03', '2020-05-24'),
(421, 421, 421, '2019-01-01', '2020-02-05'),
(422, 422, 422, '2019-02-05', '2020-02-26'),
(423, 423, 423, '2019-02-13', '2020-05-17'),
(424, 424, 424, '2019-01-28', '2020-02-21'),
(425, 425, 425, '2019-01-06', '2020-05-22'),
(426, 426, 426, '2019-01-12', '2020-05-31'),
(427, 427, 427, '2019-01-28', '2020-02-19'),
(428, 428, 428, '2019-01-11', '2020-06-05'),
(429, 429, 429, '2019-01-07', '2020-05-27'),
(430, 430, 430, '2019-02-07', '2020-02-29'),
(431, 431, 431, '2019-01-01', '2020-06-08'),
(432, 432, 432, '2019-01-08', '2020-04-05'),
(433, 433, 433, '2019-01-20', '2020-03-15'),
(434, 434, 434, '2019-01-27', '2020-03-01'),
(435, 435, 435, '2019-02-03', '2020-04-17'),
(436, 436, 436, '2019-01-05', '2020-04-09'),
(437, 437, 437, '2019-02-06', '2020-05-06'),
(438, 438, 438, '2019-01-07', '2020-04-23'),
(439, 439, 439, '2019-03-01', '2020-04-10'),
(440, 440, 440, '2019-02-08', '2020-04-02'),
(441, 441, 441, '2019-02-26', '2020-04-02'),
(442, 442, 442, '2019-01-20', '2020-04-10'),
(443, 443, 443, '2019-01-30', '2020-04-04'),
(444, 444, 444, '2019-01-19', '2020-03-02'),
(445, 445, 445, '2019-02-02', '2020-04-19'),
(446, 446, 446, '2019-02-05', '2020-03-31'),
(447, 447, 447, '2019-02-27', '2020-03-17'),
(448, 448, 448, '2019-01-01', '2020-02-17'),
(449, 449, 449, '2019-01-02', '2020-06-01'),
(450, 450, 450, '2019-03-01', '2020-04-26'),
(451, 451, 451, '2019-01-22', '2020-02-06'),
(452, 452, 452, '2019-01-08', '2020-04-04'),
(453, 453, 453, '2019-01-01', '2020-02-15'),
(454, 454, 454, '2019-02-18', '2020-05-17'),
(455, 455, 455, '2019-01-22', '2020-03-15'),
(456, 456, 456, '2019-01-24', '2020-06-04'),
(457, 457, 457, '2019-02-11', '2020-02-23'),
(458, 458, 458, '2019-02-24', '2020-02-13'),
(459, 459, 459, '2019-01-16', '2020-04-25'),
(460, 460, 460, '2019-01-26', '2020-03-21'),
(461, 461, 461, '2019-01-30', '2020-05-01'),
(462, 462, 462, '2019-02-24', '2020-02-18'),
(463, 463, 463, '2019-02-24', '2020-04-22'),
(464, 464, 464, '2019-02-15', '2020-04-26'),
(465, 465, 465, '2019-02-23', '2020-03-18'),
(466, 466, 466, '2019-01-14', '2020-05-30'),
(467, 467, 467, '2019-02-06', '2020-03-17'),
(468, 468, 468, '2019-01-28', '2020-02-14'),
(469, 469, 469, '2019-01-28', '2020-04-06'),
(470, 470, 470, '2019-02-06', '2020-04-07'),
(471, 471, 471, '2019-02-17', '2020-04-07'),
(472, 472, 472, '2019-02-11', '2020-05-16'),
(473, 473, 473, '2019-01-27', '2020-04-03'),
(474, 474, 474, '2019-02-28', '2020-02-17'),
(475, 475, 475, '2019-02-18', '2020-03-16'),
(476, 476, 476, '2019-02-08', '2020-03-21'),
(477, 477, 477, '2019-01-04', '2020-03-03'),
(478, 478, 478, '2019-02-04', '2020-02-24'),
(479, 479, 479, '2019-01-04', '2020-03-05'),
(480, 480, 480, '2019-02-24', '2020-03-30'),
(481, 481, 481, '2019-01-25', '2020-06-04'),
(482, 482, 482, '2019-02-25', '2020-03-04'),
(483, 483, 483, '2019-01-13', '2020-03-12'),
(484, 484, 484, '2019-02-21', '2020-02-11'),
(485, 485, 485, '2019-01-20', '2020-05-19'),
(486, 486, 486, '2019-01-13', '2020-02-21'),
(487, 487, 487, '2019-01-25', '2020-04-26'),
(488, 488, 488, '2019-02-27', '2020-02-09'),
(489, 489, 489, '2019-02-07', '2020-04-13'),
(490, 490, 490, '2019-02-14', '2020-06-03'),
(491, 491, 491, '2019-02-27', '2020-02-21'),
(492, 492, 492, '2019-01-09', '2020-04-19'),
(493, 493, 493, '2019-01-26', '2020-02-29'),
(494, 494, 494, '2019-01-02', '2020-05-05'),
(495, 495, 495, '2019-02-19', '2020-04-09'),
(496, 496, 496, '2019-01-30', '2020-02-24'),
(497, 497, 497, '2019-02-15', '2020-04-24'),
(498, 498, 498, '2019-01-20', '2020-03-30'),
(499, 499, 499, '2019-01-19', '2020-05-19'),
(500, 500, 500, '2019-02-18', '2020-06-07'),
(501, 16, 3, '2017-07-08', '2017-09-08');

-- --------------------------------------------------------

--
-- Sukurta duomenų struktūra lentelei `segments`
--

CREATE TABLE IF NOT EXISTS `segments` (
  `id` int(11) NOT NULL DEFAULT '0',
  `name` varchar(20) DEFAULT NULL
) ENGINE=InnoDB DEFAULT CHARSET=latin1;

--
-- Sukurta duomenų kopija lentelei `segments`
--

INSERT INTO `segments` (`id`, `name`) VALUES
(1, 'Services'),
(2, 'Support'),
(3, 'Business Development'),
(4, 'Product Management'),
(5, 'Training'),
(6, 'Human Resources'),
(7, 'Sales');

-- --------------------------------------------------------

--
-- Sukurta duomenų struktūra lentelei `statuses`
--

CREATE TABLE IF NOT EXISTS `statuses` (
  `id` int(11) NOT NULL DEFAULT '0',
  `name` varchar(20) DEFAULT NULL,
  `parent_id` int(11) DEFAULT NULL
) ENGINE=InnoDB DEFAULT CHARSET=latin1;

--
-- Sukurta duomenų kopija lentelei `statuses`
--

INSERT INTO `statuses` (`id`, `name`, `parent_id`) VALUES
(1, 'passed', 1),
(2, 'passed', 2),
(3, 'failed', 3),
(4, 'passed', 4),
(5, 'passed', 5),
(6, 'passed', 6),
(7, 'failed', 7),
(8, 'passed', 8),
(9, 'failed', 9),
(10, 'failed', 10),
(11, 'passed', 11),
(12, 'failed', 12),
(13, 'failed', 13),
(14, 'passed', 14),
(15, 'passed', 15),
(16, 'failed', 16),
(17, 'failed', 17),
(18, 'failed', 18),
(19, 'failed', 19),
(20, 'passed', 20),
(21, 'failed', 21),
(22, 'failed', 22),
(23, 'passed', 23),
(24, 'failed', 24),
(25, 'failed', 25),
(26, 'failed', 26),
(27, 'failed', 27),
(28, 'passed', 28),
(29, 'failed', 29),
(30, 'failed', 30),
(31, 'passed', 31),
(32, 'passed', 32),
(33, 'passed', 33),
(34, 'passed', 34),
(35, 'failed', 35),
(36, 'failed', 36),
(37, 'passed', 37),
(38, 'passed', 38),
(39, 'failed', 39),
(40, 'passed', 40),
(41, 'failed', 41),
(42, 'passed', 42),
(43, 'failed', 43),
(44, 'passed', 44),
(45, 'passed', 45),
(46, 'failed', 46),
(47, 'failed', 47),
(48, 'passed', 48),
(49, 'failed', 49),
(50, 'passed', 50),
(51, 'passed', 51),
(52, 'failed', 52),
(53, 'passed', 53),
(54, 'failed', 54),
(55, 'passed', 55),
(56, 'passed', 56),
(57, 'failed', 57),
(58, 'failed', 58),
(59, 'passed', 59),
(60, 'passed', 60),
(61, 'failed', 61),
(62, 'failed', 62),
(63, 'passed', 63),
(64, 'passed', 64),
(65, 'passed', 65),
(66, 'failed', 66),
(67, 'failed', 67),
(68, 'passed', 68),
(69, 'passed', 69),
(70, 'failed', 70),
(71, 'failed', 71),
(72, 'failed', 72),
(73, 'passed', 73),
(74, 'failed', 74),
(75, 'failed', 75),
(76, 'passed', 76),
(77, 'failed', 77),
(78, 'failed', 78),
(79, 'passed', 79),
(80, 'failed', 80),
(81, 'passed', 81),
(82, 'passed', 82),
(83, 'failed', 83),
(84, 'passed', 84),
(85, 'passed', 85),
(86, 'passed', 86),
(87, 'passed', 87),
(88, 'failed', 88),
(89, 'passed', 89),
(90, 'failed', 90),
(91, 'passed', 91),
(92, 'passed', 92),
(93, 'passed', 93),
(94, 'failed', 94),
(95, 'passed', 95),
(96, 'failed', 96),
(97, 'failed', 97),
(98, 'passed', 98),
(99, 'failed', 99),
(100, 'passed', 100),
(101, 'passed', 101),
(102, 'passed', 102),
(103, 'passed', 103),
(104, 'failed', 104),
(105, 'failed', 105),
(106, 'failed', 106),
(107, 'passed', 107),
(108, 'passed', 108),
(109, 'failed', 109),
(110, 'passed', 110),
(111, 'failed', 111),
(112, 'failed', 112),
(113, 'passed', 113),
(114, 'failed', 114),
(115, 'failed', 115),
(116, 'passed', 116),
(117, 'passed', 117),
(118, 'passed', 118),
(119, 'passed', 119),
(120, 'passed', 120),
(121, 'passed', 121),
(122, 'failed', 122),
(123, 'failed', 123),
(124, 'passed', 124),
(125, 'passed', 125),
(126, 'failed', 126),
(127, 'failed', 127),
(128, 'passed', 128),
(129, 'failed', 129),
(130, 'failed', 130),
(131, 'passed', 131),
(132, 'failed', 132),
(133, 'failed', 133),
(134, 'failed', 134),
(135, 'failed', 135),
(136, 'passed', 136),
(137, 'passed', 137),
(138, 'failed', 138),
(139, 'failed', 139),
(140, 'passed', 140),
(141, 'passed', 141),
(142, 'failed', 142),
(143, 'passed', 143),
(144, 'passed', 144),
(145, 'passed', 145),
(146, 'passed', 146),
(147, 'passed', 147),
(148, 'passed', 148),
(149, 'passed', 149),
(150, 'failed', 150),
(151, 'failed', 151),
(152, 'passed', 152),
(153, 'failed', 153),
(154, 'passed', 154),
(155, 'failed', 155),
(156, 'failed', 156),
(157, 'failed', 157),
(158, 'passed', 158),
(159, 'failed', 159),
(160, 'failed', 160),
(161, 'failed', 161),
(162, 'failed', 162),
(163, 'passed', 163),
(164, 'passed', 164),
(165, 'passed', 165),
(166, 'passed', 166),
(167, 'passed', 167),
(168, 'failed', 168),
(169, 'passed', 169),
(170, 'passed', 170),
(171, 'passed', 171),
(172, 'failed', 172),
(173, 'failed', 173),
(174, 'passed', 174),
(175, 'failed', 175),
(176, 'passed', 176),
(177, 'failed', 177),
(178, 'passed', 178),
(179, 'failed', 179),
(180, 'failed', 180),
(181, 'failed', 181),
(182, 'passed', 182),
(183, 'failed', 183),
(184, 'failed', 184),
(185, 'failed', 185),
(186, 'passed', 186),
(187, 'passed', 187),
(188, 'passed', 188),
(189, 'failed', 189),
(190, 'failed', 190),
(191, 'passed', 191),
(192, 'passed', 192),
(193, 'failed', 193),
(194, 'failed', 194),
(195, 'failed', 195),
(196, 'failed', 196),
(197, 'failed', 197),
(198, 'failed', 198),
(199, 'failed', 199),
(200, 'failed', 200),
(201, 'failed', 201),
(202, 'passed', 202),
(203, 'failed', 203),
(204, 'passed', 204),
(205, 'passed', 205),
(206, 'failed', 206),
(207, 'failed', 207),
(208, 'passed', 208),
(209, 'passed', 209),
(210, 'failed', 210),
(211, 'passed', 211),
(212, 'passed', 212),
(213, 'passed', 213),
(214, 'failed', 214),
(215, 'failed', 215),
(216, 'failed', 216),
(217, 'passed', 217),
(218, 'passed', 218),
(219, 'passed', 219),
(220, 'passed', 220),
(221, 'passed', 221),
(222, 'passed', 222),
(223, 'passed', 223),
(224, 'passed', 224),
(225, 'failed', 225),
(226, 'failed', 226),
(227, 'failed', 227),
(228, 'failed', 228),
(229, 'passed', 229),
(230, 'passed', 230),
(231, 'failed', 231),
(232, 'passed', 232),
(233, 'failed', 233),
(234, 'passed', 234),
(235, 'failed', 235),
(236, 'passed', 236),
(237, 'failed', 237),
(238, 'passed', 238),
(239, 'failed', 239),
(240, 'passed', 240),
(241, 'failed', 241),
(242, 'failed', 242),
(243, 'passed', 243),
(244, 'passed', 244),
(245, 'failed', 245),
(246, 'failed', 246),
(247, 'passed', 247),
(248, 'passed', 248),
(249, 'passed', 249),
(250, 'passed', 250),
(251, 'passed', 251),
(252, 'failed', 252),
(253, 'passed', 253),
(254, 'passed', 254),
(255, 'failed', 255),
(256, 'passed', 256),
(257, 'passed', 257),
(258, 'passed', 258),
(259, 'passed', 259),
(260, 'passed', 260),
(261, 'passed', 261),
(262, 'failed', 262),
(263, 'failed', 263),
(264, 'passed', 264),
(265, 'failed', 265),
(266, 'failed', 266),
(267, 'passed', 267),
(268, 'passed', 268),
(269, 'passed', 269),
(270, 'passed', 270),
(271, 'passed', 271),
(272, 'passed', 272),
(273, 'passed', 273),
(274, 'passed', 274),
(275, 'failed', 275),
(276, 'passed', 276),
(277, 'passed', 277),
(278, 'passed', 278),
(279, 'failed', 279),
(280, 'passed', 280),
(281, 'failed', 281),
(282, 'failed', 282),
(283, 'passed', 283),
(284, 'failed', 284),
(285, 'passed', 285),
(286, 'failed', 286),
(287, 'failed', 287),
(288, 'failed', 288),
(289, 'failed', 289),
(290, 'failed', 290),
(291, 'passed', 291),
(292, 'passed', 292),
(293, 'failed', 293),
(294, 'passed', 294),
(295, 'failed', 295),
(296, 'passed', 296),
(297, 'passed', 297),
(298, 'passed', 298),
(299, 'failed', 299),
(300, 'passed', 300),
(301, 'passed', 301),
(302, 'failed', 302),
(303, 'failed', 303),
(304, 'passed', 304),
(305, 'passed', 305),
(306, 'passed', 306),
(307, 'passed', 307),
(308, 'passed', 308),
(309, 'failed', 309),
(310, 'failed', 310),
(311, 'failed', 311),
(312, 'failed', 312),
(313, 'passed', 313),
(314, 'passed', 314),
(315, 'passed', 315),
(316, 'failed', 316),
(317, 'failed', 317),
(318, 'failed', 318),
(319, 'passed', 319),
(320, 'failed', 320),
(321, 'passed', 321),
(322, 'failed', 322),
(323, 'failed', 323),
(324, 'failed', 324),
(325, 'passed', 325),
(326, 'passed', 326),
(327, 'passed', 327),
(328, 'passed', 328),
(329, 'failed', 329),
(330, 'passed', 330),
(331, 'failed', 331),
(332, 'passed', 332),
(333, 'failed', 333),
(334, 'passed', 334),
(335, 'passed', 335),
(336, 'failed', 336),
(337, 'failed', 337),
(338, 'passed', 338),
(339, 'failed', 339),
(340, 'passed', 340),
(341, 'passed', 341),
(342, 'passed', 342),
(343, 'passed', 343),
(344, 'failed', 344),
(345, 'failed', 345),
(346, 'passed', 346),
(347, 'failed', 347),
(348, 'failed', 348),
(349, 'failed', 349),
(350, 'failed', 350),
(351, 'passed', 351),
(352, 'passed', 352),
(353, 'failed', 353),
(354, 'passed', 354),
(355, 'passed', 355),
(356, 'passed', 356),
(357, 'passed', 357),
(358, 'passed', 358),
(359, 'failed', 359),
(360, 'failed', 360),
(361, 'passed', 361),
(362, 'failed', 362),
(363, 'passed', 363),
(364, 'passed', 364),
(365, 'passed', 365),
(366, 'passed', 366),
(367, 'failed', 367),
(368, 'failed', 368),
(369, 'failed', 369),
(370, 'passed', 370),
(371, 'passed', 371),
(372, 'failed', 372),
(373, 'passed', 373),
(374, 'failed', 374),
(375, 'passed', 375),
(376, 'failed', 376),
(377, 'passed', 377),
(378, 'passed', 378),
(379, 'failed', 379),
(380, 'passed', 380),
(381, 'failed', 381),
(382, 'passed', 382),
(383, 'failed', 383),
(384, 'passed', 384),
(385, 'failed', 385),
(386, 'passed', 386),
(387, 'passed', 387),
(388, 'failed', 388),
(389, 'failed', 389),
(390, 'failed', 390),
(391, 'failed', 391),
(392, 'failed', 392),
(393, 'passed', 393),
(394, 'failed', 394),
(395, 'failed', 395),
(396, 'passed', 396),
(397, 'failed', 397),
(398, 'failed', 398),
(399, 'failed', 399),
(400, 'passed', 400),
(401, 'passed', 401),
(402, 'failed', 402),
(403, 'passed', 403),
(404, 'failed', 404),
(405, 'passed', 405),
(406, 'failed', 406),
(407, 'passed', 407),
(408, 'failed', 408),
(409, 'failed', 409),
(410, 'failed', 410),
(411, 'passed', 411),
(412, 'failed', 412),
(413, 'failed', 413),
(414, 'failed', 414),
(415, 'passed', 415),
(416, 'passed', 416),
(417, 'passed', 417),
(418, 'failed', 418),
(419, 'failed', 419),
(420, 'passed', 420),
(421, 'failed', 421),
(422, 'passed', 422),
(423, 'failed', 423),
(424, 'passed', 424),
(425, 'failed', 425),
(426, 'failed', 426),
(427, 'failed', 427),
(428, 'passed', 428),
(429, 'failed', 429),
(430, 'failed', 430),
(431, 'failed', 431),
(432, 'failed', 432),
(433, 'passed', 433),
(434, 'passed', 434),
(435, 'passed', 435),
(436, 'failed', 436),
(437, 'passed', 437),
(438, 'passed', 438),
(439, 'passed', 439),
(440, 'failed', 440),
(441, 'passed', 441),
(442, 'failed', 442),
(443, 'failed', 443),
(444, 'failed', 444),
(445, 'passed', 445),
(446, 'passed', 446),
(447, 'passed', 447),
(448, 'failed', 448),
(449, 'failed', 449),
(450, 'passed', 450),
(451, 'passed', 451),
(452, 'failed', 452),
(453, 'passed', 453),
(454, 'passed', 454),
(455, 'failed', 455),
(456, 'passed', 456),
(457, 'passed', 457),
(458, 'failed', 458),
(459, 'failed', 459),
(460, 'failed', 460),
(461, 'passed', 461),
(462, 'passed', 462),
(463, 'failed', 463),
(464, 'passed', 464),
(465, 'passed', 465),
(466, 'failed', 466),
(467, 'passed', 467),
(468, 'passed', 468),
(469, 'passed', 469),
(470, 'failed', 470),
(471, 'failed', 471),
(472, 'passed', 472),
(473, 'passed', 473),
(474, 'passed', 474),
(475, 'failed', 475),
(476, 'passed', 476),
(477, 'failed', 477),
(478, 'failed', 478),
(479, 'passed', 479),
(480, 'passed', 480),
(481, 'passed', 481),
(482, 'passed', 482),
(483, 'failed', 483),
(484, 'failed', 484),
(485, 'passed', 485),
(486, 'passed', 486),
(487, 'failed', 487),
(488, 'passed', 488),
(489, 'failed', 489),
(490, 'failed', 490),
(491, 'failed', 491),
(492, 'failed', 492),
(493, 'failed', 493),
(494, 'passed', 494),
(495, 'passed', 495),
(496, 'passed', 496),
(497, 'passed', 497),
(498, 'passed', 498),
(499, 'failed', 499),
(500, 'passed', 500);

-- --------------------------------------------------------

--
-- Sukurta duomenų struktūra lentelei `users`
--

CREATE TABLE IF NOT EXISTS `users` (
  `id` int(11) NOT NULL DEFAULT '0',
  `name` varchar(50) DEFAULT NULL,
  `segment_id` int(11) DEFAULT NULL
) ENGINE=InnoDB DEFAULT CHARSET=latin1;

--
-- Sukurta duomenų kopija lentelei `users`
--

INSERT INTO `users` (`id`, `name`, `segment_id`) VALUES
(1, 'Carley Kiefer', 5),
(2, 'Reade Mainwaring', 2),
(3, 'Kettie Stickles', 5),
(4, 'Welch Chadderton', 7),
(5, 'Carree Buckham', 1),
(6, 'Murvyn Stickells', 6),
(7, 'Sapphire Patience', 2),
(8, 'Katherina Jaszczak', 5),
(9, 'Benita Farrans', 2),
(10, 'Cullan Lanon', 7),
(11, 'Meade Baruch', 7),
(12, 'Philip Biffin', 6),
(13, 'Elsbeth Gerauld', 7),
(14, 'Matilda Boston', 6),
(15, 'Tirrell Minger', 4),
(16, 'Page Dingate', 5),
(17, 'Vincents O''Rowane', 6),
(18, 'Carolina Kasher', 5),
(19, 'Lonna Kloser', 5),
(20, 'Gelya Latek', 4),
(21, 'Mariele Esselen', 3),
(22, 'Jonas Khristyukhin', 2),
(23, 'Emlynne Lugg', 5),
(24, 'Candide Beetham', 4),
(25, 'Jessi Ashbolt', 4),
(26, 'Isacco Vargas', 4),
(27, 'Charin Stanfield', 1),
(28, 'Janot Radeliffe', 1),
(29, 'Cyndia McDuff', 3),
(30, 'August Devereux', 2),
(31, 'Mireille Cardenas', 7),
(32, 'Merill Jeffers', 6),
(33, 'Carolina Danbrook', 4),
(34, 'Meridith Barnewell', 5),
(35, 'Garrot April', 6),
(36, 'Della Bramhill', 4),
(37, 'Sergio Mercik', 7),
(38, 'Kial Warde', 7),
(39, 'Debora Kinsman', 5),
(40, 'Matthieu Corbishley', 1),
(41, 'Petronilla Blezard', 1),
(42, 'El Brownsey', 5),
(43, 'Sibbie Woodthorpe', 2),
(44, 'Gillan Youle', 3),
(45, 'Sidonia Toy', 4),
(46, 'Fergus Eldon', 1),
(47, 'Corine Yashin', 2),
(48, 'Iver Plowes', 7),
(49, 'Salvador Spiller', 6),
(50, 'Jillana Iacabucci', 3),
(51, 'Carlynne Sneyd', 5),
(52, 'Noe Allaker', 2),
(53, 'Iggie Bremner', 7),
(54, 'Papageno Stanbra', 6),
(55, 'Natasha Vallentine', 4),
(56, 'Even Crann', 2),
(57, 'Klara Bartolozzi', 7),
(58, 'Mathilde Dunridge', 4),
(59, 'Lamar Andreoletti', 4),
(60, 'Aloise Mattocks', 7),
(61, 'Donny Ackrill', 2),
(62, 'Samara Ricardot', 7),
(63, 'Hayes Prinett', 1),
(64, 'Kain Niven', 1),
(65, 'Jere Ibbott', 7),
(66, 'Natalya Seth', 5),
(67, 'Cherlyn Kenn', 2),
(68, 'Valentina Murtagh', 5),
(69, 'Casey Richmont', 1),
(70, 'Clo Loffel', 7),
(71, 'Roseann Orring', 2),
(72, 'Garrick Trood', 2),
(73, 'Roxanna Tibols', 5),
(74, 'Sayre Ellings', 2),
(75, 'Delcine Sagg', 5),
(76, 'Ced Cressor', 5),
(77, 'Gibby Jermyn', 3),
(78, 'Todd Strettell', 7),
(79, 'Dicky Braid', 4),
(80, 'Lorain Terzza', 3),
(81, 'Dulcia Denk', 5),
(82, 'Fawne Spencook', 6),
(83, 'Deb Panchen', 1),
(84, 'Emmy Caswall', 4),
(85, 'Brnaba Habbershon', 5),
(86, 'Harwilll Erricker', 1),
(87, 'Gertie Mountstephen', 2),
(88, 'Corrina Zanetello', 1),
(89, 'Hanson Halleybone', 7),
(90, 'Farlay Hayball', 7),
(91, 'Veronica Ennew', 4),
(92, 'Cyb Porcher', 6),
(93, 'Aindrea Morrill', 6),
(94, 'Janetta Ancliff', 4),
(95, 'Ronny Goullee', 5),
(96, 'Dixie Matzel', 5),
(97, 'Maggy Stiegar', 5),
(98, 'Carmine Mudd', 2),
(99, 'Ricky Dorcey', 3),
(100, 'Gino Hussy', 6),
(101, 'Tamiko Jilkes', 3),
(102, 'Alli Collabine', 1),
(103, 'Verene Pinkney', 7),
(104, 'Phillip Monnelly', 5),
(105, 'Nicki Flacknoe', 5),
(106, 'Kaitlyn Breckin', 7),
(107, 'Mavis Bentjens', 6),
(108, 'Hulda Hanes', 7),
(109, 'Charlean Le Barr', 6),
(110, 'Heywood McCosker', 7),
(111, 'Dunc Viccary', 2),
(112, 'Anstice Zmitruk', 3),
(113, 'Zitella Fee', 5),
(114, 'Riccardo Bedenham', 3),
(115, 'Haze Hevner', 5),
(116, 'Nert Ocheltree', 4),
(117, 'Barry Glencros', 5),
(118, 'Biron Schapero', 7),
(119, 'Natividad Killock', 4),
(120, 'Conny Quinet', 2),
(121, 'Shell Niset', 7),
(122, 'Christan Wiffield', 5),
(123, 'Enrico Milmore', 7),
(124, 'Wallache Antrum', 1),
(125, 'Melesa Rudgerd', 1),
(126, 'Rosalia McCafferty', 2),
(127, 'Emmet Oboy', 6),
(128, 'Jaime Cridge', 3),
(129, 'Tilly Dalby', 5),
(130, 'Port Caizley', 4),
(131, 'Lorilyn Tanby', 3),
(132, 'Frederick Shane', 2),
(133, 'Byrom Morkham', 6),
(134, 'Jere Elford', 2),
(135, 'Ina Arsmith', 7),
(136, 'Prescott Dockwray', 5),
(137, 'Morganica Menhenitt', 4),
(138, 'Brandy Brokenshire', 6),
(139, 'Karyl Welchman', 6),
(140, 'Gratia Sare', 5),
(141, 'Vivianna Steffans', 4),
(142, 'Bernardina Atger', 7),
(143, 'Valenka Jaouen', 2),
(144, 'Jessamine Limpkin', 6),
(145, 'Shawnee Sneesbie', 1),
(146, 'Mimi Persehouse', 1),
(147, 'Ferd Radin', 2),
(148, 'Harmony Revan', 2),
(149, 'Gustavo Windless', 2),
(150, 'Bab Costigan', 2),
(151, 'Raffarty Aartsen', 1),
(152, 'Cyndi Rollett', 2),
(153, 'Ricky Brasse', 3),
(154, 'Jeremiah Membry', 4),
(155, 'Christian Uccello', 7),
(156, 'Maitilde Cosgriff', 3),
(157, 'Marta Wilmot', 5),
(158, 'Bax Causnett', 2),
(159, 'Wynnie Morigan', 5),
(160, 'Gretchen Mawditt', 2),
(161, 'Dar Billingsley', 7),
(162, 'Fan Aery', 4),
(163, 'Raynard Nesey', 1),
(164, 'Nicol Janicki', 6),
(165, 'Chester Yeiles', 7),
(166, 'Ronni Bidewel', 3),
(167, 'Del Dradey', 5),
(168, 'Kennedy Mathew', 6),
(169, 'Bertine Hansard', 2),
(170, 'Tobie Dargavel', 6),
(171, 'Chadwick Whittet', 4),
(172, 'Trixi Chander', 1),
(173, 'Oberon Mansel', 7),
(174, 'Johannes MacNeil', 3),
(175, 'Langston Angear', 6),
(176, 'Zilvia Hornig', 4),
(177, 'Sheelah Gilloran', 5),
(178, 'Cammie Kimblen', 5),
(179, 'Margaux Seakin', 5),
(180, 'Devonna Gaggen', 2),
(181, 'Wesley Corrison', 2),
(182, 'Theresita Ehrat', 6),
(183, 'Christy Alvin', 1),
(184, 'Sharai Raycroft', 6),
(185, 'Charmaine Kidde', 5),
(186, 'Bird Ghelardoni', 6),
(187, 'Sissie Goulston', 1),
(188, 'Madison Chawkley', 7),
(189, 'Gisele Skala', 4),
(190, 'Annabell Arch', 5),
(191, 'Leopold McNee', 7),
(192, 'Lavinie Aim', 7),
(193, 'Stesha Malloch', 2),
(194, 'Berkeley Gadd', 3),
(195, 'Wash Menichelli', 3),
(196, 'Darell Benyan', 4),
(197, 'Flynn Paula', 6),
(198, 'Fernando Kelbie', 6),
(199, 'Georges Aland', 5),
(200, 'Sibella Briggdale', 4);

--
-- Indexes for dumped tables
--

--
-- Indexes for table `cars`
--
ALTER TABLE `cars`
  ADD PRIMARY KEY (`id`);

--
-- Indexes for table `car_management`
--
ALTER TABLE `car_management`
  ADD PRIMARY KEY (`id`),
  ADD KEY `cars_id` (`cars_id`),
  ADD KEY `segments_id` (`segments_id`),
  ADD KEY `users_id` (`user_id`);

--
-- Indexes for table `car_status`
--
ALTER TABLE `car_status`
  ADD PRIMARY KEY (`id`),
  ADD KEY `cars_id` (`cars_id`),
  ADD KEY `status_id` (`status_id`);

--
-- Indexes for table `segments`
--
ALTER TABLE `segments`
  ADD PRIMARY KEY (`id`);

--
-- Indexes for table `statuses`
--
ALTER TABLE `statuses`
  ADD PRIMARY KEY (`id`);

--
-- Indexes for table `users`
--
ALTER TABLE `users`
  ADD PRIMARY KEY (`id`),
  ADD KEY `segment_id` (`segment_id`);

--
-- Apribojimai eksportuotom lentelėm
--

--
-- Apribojimai lentelei `car_management`
--
ALTER TABLE `car_management`
  ADD CONSTRAINT `car_management_ibfk_1` FOREIGN KEY (`cars_id`) REFERENCES `cars` (`id`),
  ADD CONSTRAINT `car_management_ibfk_2` FOREIGN KEY (`segments_id`) REFERENCES `segments` (`id`),
  ADD CONSTRAINT `car_management_ibfk_3` FOREIGN KEY (`user_id`) REFERENCES `users` (`id`);

--
-- Apribojimai lentelei `car_status`
--
ALTER TABLE `car_status`
  ADD CONSTRAINT `car_status_ibfk_1` FOREIGN KEY (`cars_id`) REFERENCES `cars` (`id`),
  ADD CONSTRAINT `car_status_ibfk_2` FOREIGN KEY (`status_id`) REFERENCES `statuses` (`id`);

--
-- Apribojimai lentelei `users`
--
ALTER TABLE `users`
  ADD CONSTRAINT `users_ibfk_1` FOREIGN KEY (`segment_id`) REFERENCES `segments` (`id`);

/*!40101 SET CHARACTER_SET_CLIENT=@OLD_CHARACTER_SET_CLIENT */;
/*!40101 SET CHARACTER_SET_RESULTS=@OLD_CHARACTER_SET_RESULTS */;
/*!40101 SET COLLATION_CONNECTION=@OLD_COLLATION_CONNECTION */;
